batsman,bowler,runs
DA Warner,TS Mills,4
S Dhawan,TS Mills,2
S Dhawan,A Choudhary,3
DA Warner,A Choudhary,10
MC Henriques,A Choudhary,6
MC Henriques,TS Mills,4
MC Henriques,YS Chahal,36
S Dhawan,YS Chahal,38
S Dhawan,S Aravind,8
MC Henriques,S Aravind,21
S Dhawan,SR Watson,49
S Dhawan,TM Head,3
MC Henriques,TM Head,8
MC Henriques,STR Binny,2
S Dhawan,STR Binny,10
Yuvraj Singh,STR Binny,4
Yuvraj Singh,S Aravind,21
Yuvraj Singh,A Choudhary,22
Yuvraj Singh,SR Watson,11
MC Henriques,SR Watson,10
Yuvraj Singh,YS Chahal,16
DJ Hooda,YS Chahal,3
DJ Hooda,TS Mills,3
Yuvraj Singh,TS Mills,15
DJ Hooda,A Choudhary,10
BCJ Cutting,TS Mills,1
BCJ Cutting,SR Watson,48
DJ Hooda,SR Watson,2
DA Warner,SK Raina,42
S Dhawan,SK Raina,29
DA Warner,P Kumar,62
S Dhawan,P Kumar,29
MC Henriques,P Kumar,17
DA Warner,Tejas Baroka,26
MC Henriques,DS Kulkarni,22
DA Warner,DS Kulkarni,57
MC Henriques,S Kaushik,32
MC Henriques,Tejas Baroka,7
DA Warner,S Kaushik,22
DA Warner,Basil Thampi,17
MC Henriques,Basil Thampi,2
S Dhawan,Harbhajan Singh,96
DA Warner,Harbhajan Singh,98
DA Warner,SL Malinga,50
S Dhawan,SL Malinga,51
S Dhawan,JJ Bumrah,61
DA Warner,JJ Bumrah,48
DA Warner,MJ McClenaghan,52
S Dhawan,MJ McClenaghan,57
DA Warner,HH Pandya,20
S Dhawan,HH Pandya,20
DJ Hooda,Harbhajan Singh,1
DJ Hooda,MJ McClenaghan,5
S Dhawan,KH Pandya,12
DJ Hooda,KH Pandya,6
Yuvraj Singh,Harbhajan Singh,1
Yuvraj Singh,MJ McClenaghan,21
BCJ Cutting,MJ McClenaghan,4
Yuvraj Singh,HH Pandya,4
NV Ojha,HH Pandya,1
BCJ Cutting,HH Pandya,1
BCJ Cutting,SL Malinga,10
NV Ojha,SL Malinga,17
BCJ Cutting,JJ Bumrah,5
NV Ojha,JJ Bumrah,1
V Shankar,JJ Bumrah,15
V Shankar,SL Malinga,4
Rashid Khan,SL Malinga,1
Rashid Khan,JJ Bumrah,3
B Kumar,JJ Bumrah,7
DA Warner,UT Yadav,82
S Dhawan,UT Yadav,68
S Dhawan,TA Boult,36
DA Warner,TA Boult,23
S Dhawan,SP Narine,43
DA Warner,SP Narine,147
S Dhawan,Kuldeep Yadav,21
DA Warner,Kuldeep Yadav,69
DA Warner,YK Pathan,43
S Dhawan,YK Pathan,20
MC Henriques,YK Pathan,27
MC Henriques,SP Narine,10
MC Henriques,Kuldeep Yadav,19
Yuvraj Singh,Kuldeep Yadav,39
MC Henriques,CR Woakes,5
Yuvraj Singh,CR Woakes,14
DJ Hooda,CR Woakes,1
DJ Hooda,Kuldeep Yadav,21
Yuvraj Singh,UT Yadav,10
DJ Hooda,UT Yadav,4
Yuvraj Singh,SP Narine,13
DJ Hooda,SP Narine,18
BCJ Cutting,SP Narine,2
BCJ Cutting,CR Woakes,13
NV Ojha,CR Woakes,7
NV Ojha,SP Narine,30
BCJ Cutting,TA Boult,0
Bipul Sharma,TA Boult,14
NV Ojha,TA Boult,14
Bipul Sharma,CR Woakes,8
DA Warner,Sandeep Sharma,79
S Dhawan,Sandeep Sharma,57
DA Warner,I Sharma,32
S Dhawan,I Sharma,21
S Dhawan,MM Sharma,62
DA Warner,MM Sharma,90
MC Henriques,I Sharma,2
MC Henriques,KC Cariappa,6
DA Warner,KC Cariappa,51
MC Henriques,MM Sharma,5
MC Henriques,AR Patel,22
Yuvraj Singh,AR Patel,5
NV Ojha,AR Patel,36
DA Warner,AR Patel,95
NV Ojha,KC Cariappa,6
NV Ojha,Sandeep Sharma,28
NV Ojha,I Sharma,5
DJ Hooda,KC Cariappa,1
DJ Hooda,MM Sharma,7
DJ Hooda,AR Patel,24
Mohammad Nabi,Sandeep Sharma,2
Rashid Khan,Sandeep Sharma,6
DA Warner,J Yadav,71
S Dhawan,J Yadav,21
DA Warner,CH Morris,36
S Dhawan,CH Morris,38
KS Williamson,J Yadav,14
KS Williamson,CH Morris,18
KS Williamson,Z Khan,14
S Dhawan,Z Khan,24
KS Williamson,PJ Cummins,33
S Dhawan,PJ Cummins,16
S Dhawan,AD Mathews,25
KS Williamson,AD Mathews,25
S Dhawan,A Mishra,39
KS Williamson,A Mishra,96
Yuvraj Singh,CH Morris,15
Yuvraj Singh,AD Mathews,2
DJ Hooda,CH Morris,6
MC Henriques,CH Morris,8
MC Henriques,Z Khan,21
DJ Hooda,Z Khan,7
DA Warner,JD Unadkat,27
S Dhawan,JD Unadkat,40
DA Warner,Washington Sundar,35
S Dhawan,Washington Sundar,14
DA Warner,BA Stokes,22
S Dhawan,BA Stokes,23
S Dhawan,SN Thakur,16
DA Warner,SN Thakur,41
DA Warner,DT Christian,20
S Dhawan,DT Christian,7
S Dhawan,Imran Tahir,0
DA Warner,Imran Tahir,43
KS Williamson,Imran Tahir,4
KS Williamson,DT Christian,14
KS Williamson,BA Stokes,25
MC Henriques,DT Christian,4
MC Henriques,SN Thakur,27
MC Henriques,Imran Tahir,7
MC Henriques,JD Unadkat,18
DJ Hooda,JD Unadkat,8
DJ Hooda,SN Thakur,28
DA Warner,Anureet Singh,43
S Dhawan,Anureet Singh,26
S Dhawan,AR Patel,14
S Dhawan,KC Cariappa,18
S Dhawan,GJ Maxwell,31
DA Warner,GJ Maxwell,29
KS Williamson,AR Patel,63
KS Williamson,KC Cariappa,5
KS Williamson,MM Sharma,34
Yuvraj Singh,MM Sharma,27
Yuvraj Singh,GJ Maxwell,4
KS Williamson,GJ Maxwell,5
Yuvraj Singh,KC Cariappa,10
MC Henriques,GJ Maxwell,10
KS Williamson,I Sharma,25
DA Warner,NM Coulter-Nile,59
DA Warner,CR Woakes,14
S Dhawan,CR Woakes,12
S Dhawan,NM Coulter-Nile,15
KS Williamson,Kuldeep Yadav,39
KS Williamson,UT Yadav,83
KS Williamson,SP Narine,23
KS Williamson,CR Woakes,17
Yuvraj Singh,NM Coulter-Nile,5
KS Williamson,NM Coulter-Nile,29
S Dhawan,K Rabada,6
DA Warner,K Rabada,61
DA Warner,Mohammed Shami,99
KS Williamson,Mohammed Shami,48
S Dhawan,Mohammed Shami,31
Yuvraj Singh,A Mishra,16
Yuvraj Singh,J Yadav,10
Yuvraj Singh,Mohammed Shami,19
MC Henriques,A Mishra,32
MC Henriques,Mohammed Shami,4
MC Henriques,K Rabada,10
Yuvraj Singh,K Rabada,28
Yuvraj Singh,BA Stokes,13
Yuvraj Singh,Imran Tahir,11
Yuvraj Singh,SN Thakur,10
Yuvraj Singh,DT Christian,13
MC Henriques,BA Stokes,3
NV Ojha,DT Christian,2
NV Ojha,Imran Tahir,2
Yuvraj Singh,JD Unadkat,0
NV Ojha,JD Unadkat,7
Bipul Sharma,JD Unadkat,3
Rashid Khan,BA Stokes,3
Bipul Sharma,BA Stokes,5
Rashid Khan,JD Unadkat,7
B Kumar,JD Unadkat,1
S Kaul,JD Unadkat,0
MC Henriques,MJ McClenaghan,15
MC Henriques,SL Malinga,15
MC Henriques,Harbhajan Singh,20
MC Henriques,JJ Bumrah,11
S Dhawan,KV Sharma,25
MC Henriques,KV Sharma,0
MC Henriques,HH Pandya,10
Yuvraj Singh,JJ Bumrah,3
Yuvraj Singh,SL Malinga,1
V Shankar,MJ McClenaghan,3
S Dhawan,PJ Sangwan,36
DA Warner,PJ Sangwan,17
V Shankar,PJ Sangwan,22
V Shankar,P Kumar,2
DA Warner,JP Faulkner,23
V Shankar,JP Faulkner,7
V Shankar,MM Patel,12
DA Warner,MM Patel,10
V Shankar,RA Jadeja,13
DA Warner,RA Jadeja,69
DA Warner,Ankit Soni,17
V Shankar,Ankit Soni,14
KS Williamson,YK Pathan,6
DA Warner,PP Chawla,43
KS Williamson,PP Chawla,25
V Shankar,PP Chawla,13
Yuvraj Singh,PP Chawla,9
V Shankar,SP Narine,16
V Shankar,UT Yadav,3
NV Ojha,UT Yadav,24
V Shankar,TA Boult,18
V Shankar,NM Coulter-Nile,0
NV Ojha,NM Coulter-Nile,12
CJ Jordan,NM Coulter-Nile,0
Bipul Sharma,NM Coulter-Nile,1
WP Saha,DS Kulkarni,15
S Dhawan,DS Kulkarni,97
WP Saha,JD Unadkat,27
KS Williamson,JD Unadkat,50
S Dhawan,K Gowtham,10
KS Williamson,K Gowtham,7
S Dhawan,B Laughlin,12
KS Williamson,B Laughlin,7
S Dhawan,S Gopal,9
KS Williamson,S Gopal,10
S Dhawan,DJM Short,8
KS Williamson,DJM Short,1
WP Saha,PJ Sangwan,10
WP Saha,JJ Bumrah,13
S Dhawan,BCJ Cutting,4
WP Saha,BCJ Cutting,6
WP Saha,KH Pandya,19
WP Saha,M Markande,1
S Dhawan,M Markande,6
KS Williamson,M Markande,1
KS Williamson,Mustafizur Rahman,27
S Dhawan,Mustafizur Rahman,5
MK Pandey,M Markande,7
Shakib Al Hasan,KH Pandya,2
MK Pandey,KH Pandya,38
Shakib Al Hasan,M Markande,2
DJ Hooda,M Markande,6
Shakib Al Hasan,Mustafizur Rahman,8
DJ Hooda,Mustafizur Rahman,5
DJ Hooda,BCJ Cutting,14
YK Pathan,BCJ Cutting,10
DJ Hooda,JJ Bumrah,11
YK Pathan,JJ Bumrah,8
YK Pathan,Mustafizur Rahman,11
S Kaul,JJ Bumrah,0
S Kaul,Mustafizur Rahman,0
Sandeep Sharma,Mustafizur Rahman,5
B Stanlake,BCJ Cutting,5
WP Saha,MG Johnson,19
S Dhawan,AD Russell,23
WP Saha,AD Russell,11
WP Saha,SP Narine,5
S Dhawan,PP Chawla,31
MK Pandey,SP Narine,10
MK Pandey,Kuldeep Yadav,16
MK Pandey,PP Chawla,9
Shakib Al Hasan,Kuldeep Yadav,8
Shakib Al Hasan,PP Chawla,13
Shakib Al Hasan,AD Russell,21
KS Williamson,AD Russell,10
Shakib Al Hasan,SP Narine,14
KS Williamson,Shivam Mavi,44
Shakib Al Hasan,Shivam Mavi,2
DJ Hooda,PP Chawla,1
DJ Hooda,MG Johnson,1
KS Williamson,MG Johnson,0
YK Pathan,MG Johnson,6
DJ Hooda,AD Russell,4
YK Pathan,AD Russell,11
WP Saha,BB Sran,21
S Dhawan,BB Sran,6
KS Williamson,BB Sran,4
WP Saha,MM Sharma,5
YK Pathan,MM Sharma,11
YK Pathan,BB Sran,2
YK Pathan,AJ Tye,11
KS Williamson,AJ Tye,6
MK Pandey,BB Sran,9
KS Williamson,R Ashwin,58
MK Pandey,R Ashwin,42
KS Williamson,Mujeeb Ur Rahman,21
MK Pandey,Mujeeb Ur Rahman,29
MK Pandey,AJ Tye,22
MK Pandey,MM Sharma,24
DJ Hooda,AJ Tye,4
DJ Hooda,Mujeeb Ur Rahman,1
Shakib Al Hasan,AJ Tye,8
Shakib Al Hasan,BB Sran,17
Shakib Al Hasan,MM Sharma,2
Shakib Al Hasan,R Ashwin,17
RK Bhui,DL Chahar,0
MK Pandey,DL Chahar,30
KS Williamson,SN Thakur,58
KS Williamson,DL Chahar,63
DJ Hooda,DL Chahar,0
Shakib Al Hasan,SR Watson,15
KS Williamson,SR Watson,32
KS Williamson,RA Jadeja,61
Shakib Al Hasan,RA Jadeja,19
Shakib Al Hasan,DL Chahar,12
Shakib Al Hasan,KV Sharma,2
YK Pathan,KV Sharma,20
KS Williamson,KV Sharma,36
YK Pathan,RA Jadeja,12
YK Pathan,DJ Bravo,50
KS Williamson,DJ Bravo,51
YK Pathan,SN Thakur,28
WP Saha,SN Thakur,13
Rashid Khan,SN Thakur,17
WP Saha,DJ Bravo,6
Rashid Khan,DJ Bravo,13
KS Williamson,JJ Bumrah,20
KS Williamson,MJ McClenaghan,2
WP Saha,MJ McClenaghan,0
MK Pandey,JJ Bumrah,32
MK Pandey,MJ McClenaghan,10
KS Williamson,HH Pandya,28
MK Pandey,HH Pandya,17
Shakib Al Hasan,HH Pandya,1
Shakib Al Hasan,MJ McClenaghan,1
YK Pathan,MJ McClenaghan,0
YK Pathan,HH Pandya,1
Mohammad Nabi,HH Pandya,14
Mohammad Nabi,M Markande,6
YK Pathan,M Markande,6
Mohammad Nabi,KH Pandya,4
YK Pathan,KH Pandya,7
Rashid Khan,M Markande,1
Rashid Khan,KH Pandya,4
Basil Thampi,JJ Bumrah,1
Basil Thampi,Mustafizur Rahman,2
Basil Thampi,M Markande,0
S Kaul,M Markande,2
S Dhawan,AS Rajpoot,13
KS Williamson,AS Rajpoot,0
WP Saha,AS Rajpoot,1
MK Pandey,AS Rajpoot,6
Shakib Al Hasan,MK Tiwary,5
MK Pandey,MK Tiwary,2
Shakib Al Hasan,Mujeeb Ur Rahman,3
YK Pathan,Mujeeb Ur Rahman,3
YK Pathan,R Ashwin,13
YK Pathan,AS Rajpoot,0
Mohammad Nabi,AS Rajpoot,4
AD Hales,K Gowtham,4
AD Hales,DS Kulkarni,10
KS Williamson,DS Kulkarni,11
AD Hales,JC Archer,3
KS Williamson,JC Archer,27
AD Hales,JD Unadkat,5
KS Williamson,IS Sodhi,13
AD Hales,IS Sodhi,6
AD Hales,BA Stokes,11
AD Hales,MK Lomror,6
KS Williamson,MK Lomror,20
MK Pandey,IS Sodhi,2
Shakib Al Hasan,IS Sodhi,4
MK Pandey,K Gowtham,5
Shakib Al Hasan,K Gowtham,1
Shakib Al Hasan,BA Stokes,1
MK Pandey,BA Stokes,27
Shakib Al Hasan,JC Archer,0
YK Pathan,JC Archer,13
MK Pandey,JC Archer,5
MK Pandey,JD Unadkat,17
WP Saha,JC Archer,6
Rashid Khan,JC Archer,12
AD Hales,TA Boult,10
AD Hales,Avesh Khan,28
S Dhawan,Avesh Khan,8
AD Hales,GJ Maxwell,2
AD Hales,LE Plunkett,6
S Dhawan,LE Plunkett,13
AD Hales,A Mishra,3
AD Hales,DT Christian,2
KS Williamson,LE Plunkett,41
MK Pandey,LE Plunkett,5
MK Pandey,A Mishra,13
MK Pandey,DT Christian,10
KS Williamson,Avesh Khan,25
MK Pandey,Avesh Khan,4
MK Pandey,TA Boult,25
KS Williamson,TA Boult,24
YK Pathan,LE Plunkett,2
YK Pathan,TA Boult,12
YK Pathan,DT Christian,13
AD Hales,MM Ali,3
S Dhawan,MM Ali,2
AD Hales,UT Yadav,19
S Dhawan,TG Southee,27
AD Hales,TG Southee,7
KS Williamson,TG Southee,29
S Dhawan,Mohammed Siraj,9
KS Williamson,Mohammed Siraj,27
MK Pandey,YS Chahal,29
KS Williamson,YS Chahal,54
KS Williamson,MM Ali,33
MK Pandey,MM Ali,17
Shakib Al Hasan,YS Chahal,6
Shakib Al Hasan,MM Ali,9
Shakib Al Hasan,C de Grandhomme,6
KS Williamson,C de Grandhomme,20
Shakib Al Hasan,Mohammed Siraj,11
Shakib Al Hasan,UT Yadav,3
YK Pathan,Mohammed Siraj,7
YK Pathan,TG Southee,10
Shakib Al Hasan,TG Southee,0
WP Saha,TG Southee,0
Rashid Khan,Mohammed Siraj,16
WP Saha,Mohammed Siraj,20
Rashid Khan,TG Southee,4
S Kaul,TG Southee,7
B Kumar,TG Southee,7
Sandeep Sharma,TG Southee,0
S Dhawan,HV Patel,30
AD Hales,HV Patel,8
KS Williamson,HV Patel,14
KS Williamson,S Nadeem,7
S Dhawan,S Nadeem,16
S Dhawan,V Shankar,12
KS Williamson,V Shankar,1
S Dhawan,DL Chahar,13
AD Hales,DL Chahar,1
AD Hales,SN Thakur,0
S Dhawan,DJ Willey,18
AD Hales,DJ Willey,1
KS Williamson,Harbhajan Singh,10
S Dhawan,DJ Bravo,52
S Dhawan,RA Jadeja,54
KS Williamson,DJ Willey,5
MK Pandey,SN Thakur,21
DJ Hooda,DJ Bravo,13
MK Pandey,DJ Bravo,23
Shakib Al Hasan,SN Thakur,8
Shakib Al Hasan,DJ Bravo,11
AD Hales,YS Chahal,6
AD Hales,Mohammed Siraj,7
MK Pandey,TG Southee,18
MK Pandey,Mohammed Siraj,24
MK Pandey,C de Grandhomme,17
MK Pandey,UT Yadav,12
DJ Hooda,Mohammed Siraj,1
S Dhawan,N Rana,5
S Dhawan,M Prasidh Krishna,16
SP Goswami,M Prasidh Krishna,1
SP Goswami,AD Russell,14
SP Goswami,SP Narine,3
SP Goswami,PP Chawla,7
SP Goswami,Kuldeep Yadav,6
SP Goswami,JPR Scantlebury-Searles,4
S Dhawan,JPR Scantlebury-Searles,5
KS Williamson,JPR Scantlebury-Searles,14
MK Pandey,JPR Scantlebury-Searles,1
MK Pandey,AD Russell,24
YK Pathan,M Prasidh Krishna,3
MK Pandey,M Prasidh Krishna,22
YK Pathan,SP Narine,1
CR Brathwaite,SP Narine,1
CR Brathwaite,M Prasidh Krishna,10
CR Brathwaite,AD Russell,0
Shakib Al Hasan,M Prasidh Krishna,7
Rashid Khan,M Prasidh Krishna,22
B Kumar,M Prasidh Krishna,5
SP Goswami,L Ngidi,12
KS Williamson,L Ngidi,8
SP Goswami,DL Chahar,5
MK Pandey,L Ngidi,12
MK Pandey,RA Jadeja,25
YK Pathan,DL Chahar,0
CR Brathwaite,RA Jadeja,1
CR Brathwaite,SN Thakur,40
CR Brathwaite,DJ Bravo,12
CR Brathwaite,L Ngidi,11
B Kumar,L Ngidi,4
B Kumar,DJ Bravo,2
B Kumar,SN Thakur,1
WP Saha,Shivam Mavi,15
S Dhawan,Shivam Mavi,5
WP Saha,M Prasidh Krishna,7
WP Saha,PP Chawla,1
WP Saha,Kuldeep Yadav,10
YK Pathan,Kuldeep Yadav,1
YK Pathan,Shivam Mavi,0
Rashid Khan,Shivam Mavi,16
S Dhawan,L Ngidi,5
DJ Hooda,L Ngidi,2
YK Pathan,L Ngidi,9
DA Warner,M Prasidh Krishna,15
JM Bairstow,M Prasidh Krishna,11
JM Bairstow,PP Chawla,45
JM Bairstow,LH Ferguson,10
DA Warner,LH Ferguson,17
JM Bairstow,SP Narine,21
JM Bairstow,Kuldeep Yadav,4
DA Warner,AD Russell,36
JM Bairstow,AD Russell,30
JM Bairstow,N Rana,7
DA Warner,N Rana,2
V Shankar,M Prasidh Krishna,12
V Shankar,AD Russell,9
V Shankar,LH Ferguson,13
YK Pathan,LH Ferguson,1
MK Pandey,LH Ferguson,3
DA Warner,K Gowtham,22
JM Bairstow,K Gowtham,3
JM Bairstow,DS Kulkarni,1
DA Warner,JC Archer,15
JM Bairstow,JC Archer,12
JM Bairstow,BA Stokes,14
DA Warner,S Gopal,29
JM Bairstow,S Gopal,21
V Shankar,BA Stokes,10
V Shankar,JD Unadkat,11
V Shankar,DS Kulkarni,16
V Shankar,S Gopal,19
MK Pandey,S Gopal,48
Rashid Khan,S Gopal,1
YK Pathan,S Gopal,1
YK Pathan,JD Unadkat,4
JM Bairstow,MM Ali,12
DA Warner,MM Ali,20
JM Bairstow,UT Yadav,57
DA Warner,YS Chahal,128
DA Warner,Mohammed Siraj,36
JM Bairstow,Mohammed Siraj,17
DA Warner,P Ray Barman,15
JM Bairstow,P Ray Barman,41
JM Bairstow,YS Chahal,22
JM Bairstow,C de Grandhomme,14
DA Warner,C de Grandhomme,2
V Shankar,YS Chahal,10
YK Pathan,UT Yadav,1
DA Warner,S Lamichhane,3
JM Bairstow,S Lamichhane,16
JM Bairstow,AR Patel,36
JM Bairstow,CH Morris,19
JM Bairstow,K Rabada,28
JM Bairstow,R Tewatia,6
DA Warner,R Tewatia,10
V Shankar,R Tewatia,19
V Shankar,K Rabada,1
V Shankar,S Lamichhane,3
MK Pandey,S Lamichhane,2
V Shankar,CH Morris,6
MK Pandey,CH Morris,21
MK Pandey,AR Patel,20
V Shankar,AR Patel,13
MK Pandey,R Tewatia,39
MK Pandey,I Sharma,12
V Shankar,I Sharma,3
DJ Hooda,R Tewatia,5
YK Pathan,AR Patel,1
DJ Hooda,S Lamichhane,3
YK Pathan,S Lamichhane,5
Mohammad Nabi,K Rabada,12
YK Pathan,K Rabada,2
Mohammad Nabi,CH Morris,5
YK Pathan,CH Morris,1
DA Warner,JP Behrendorff,8
JM Bairstow,JP Behrendorff,13
JM Bairstow,JJ Bumrah,6
DA Warner,RD Chahar,50
JM Bairstow,RD Chahar,0
V Shankar,RD Chahar,12
DA Warner,AS Joseph,0
MK Pandey,AS Joseph,3
MK Pandey,RD Chahar,24
V Shankar,AS Joseph,0
DJ Hooda,AS Joseph,2
DJ Hooda,HH Pandya,15
MK Pandey,JP Behrendorff,1
DJ Hooda,JP Behrendorff,5
YK Pathan,JP Behrendorff,0
DJ Hooda,RD Chahar,7
YK Pathan,RD Chahar,0
Mohammad Nabi,RD Chahar,3
Mohammad Nabi,JP Behrendorff,1
Mohammad Nabi,JJ Bumrah,21
Mohammad Nabi,AS Joseph,0
Rashid Khan,AS Joseph,0
B Kumar,AS Joseph,0
Sandeep Sharma,AS Joseph,5
S Kaul,AS Joseph,0
DA Warner,AS Rajpoot,18
JM Bairstow,AS Rajpoot,11
JM Bairstow,Mujeeb Ur Rahman,24
V Shankar,Mujeeb Ur Rahman,6
V Shankar,AS Rajpoot,3
V Shankar,Mohammed Shami,6
DA Warner,R Ashwin,76
V Shankar,R Ashwin,11
DA Warner,Mujeeb Ur Rahman,61
V Shankar,SM Curran,4
DA Warner,SM Curran,26
Mohammad Nabi,R Ashwin,5
Mohammad Nabi,SM Curran,7
Mohammad Nabi,Mujeeb Ur Rahman,16
MK Pandey,SM Curran,29
MK Pandey,Mohammed Shami,10
DJ Hooda,Mohammed Shami,16
JM Bairstow,I Sharma,22
DA Warner,KMA Paul,9
JM Bairstow,KMA Paul,3
KS Williamson,KMA Paul,6
DA Warner,A Mishra,27
RK Bhui,KMA Paul,1
RK Bhui,A Mishra,5
RK Bhui,CH Morris,1
V Shankar,KMA Paul,7
Abhishek Sharma,K Rabada,13
DJ Hooda,K Rabada,1
Rashid Khan,CH Morris,0
Abhishek Sharma,CH Morris,7
B Kumar,CH Morris,9
Sandeep Sharma,K Rabada,1
B Kumar,K Rabada,1
KK Ahmed,K Rabada,0
DA Warner,DL Chahar,55
JM Bairstow,DL Chahar,23
JM Bairstow,SN Thakur,14
JM Bairstow,Imran Tahir,5
JM Bairstow,RA Jadeja,20
V Shankar,Imran Tahir,11
V Shankar,KV Sharma,3
JM Bairstow,KV Sharma,23
DJ Hooda,Imran Tahir,0
DJ Hooda,RA Jadeja,11
DJ Hooda,KV Sharma,8
DA Warner,HF Gurney,12
JM Bairstow,HF Gurney,3
DA Warner,Y Prithvi Raj,10
JM Bairstow,Y Prithvi Raj,12
JM Bairstow,KC Cariappa,13
KS Williamson,Y Prithvi Raj,5
JM Bairstow,Harbhajan Singh,0
MK Pandey,Harbhajan Singh,21
DA Warner,DJ Bravo,43
MK Pandey,Imran Tahir,25
V Shankar,Harbhajan Singh,3
V Shankar,DJ Bravo,12
V Shankar,DL Chahar,5
DA Warner,VR Aaron,46
KS Williamson,VR Aaron,26
DA Warner,O Thomas,7
KS Williamson,O Thomas,5
MK Pandey,O Thomas,8
MK Pandey,R Parag,17
DA Warner,R Parag,4
DA Warner,STR Binny,4
MK Pandey,STR Binny,7
V Shankar,O Thomas,2
V Shankar,R Parag,3
V Shankar,VR Aaron,1
Shakib Al Hasan,VR Aaron,4
Shakib Al Hasan,JD Unadkat,3
Shakib Al Hasan,O Thomas,2
WP Saha,O Thomas,3
Rashid Khan,O Thomas,0
Rashid Khan,VR Aaron,13
B Kumar,VR Aaron,0
DA Warner,Arshdeep Singh,43
WP Saha,Mujeeb Ur Rahman,7
WP Saha,Arshdeep Singh,19
WP Saha,Mohammed Shami,11
WP Saha,R Ashwin,23
DA Warner,M Ashwin,19
WP Saha,M Ashwin,0
MK Pandey,M Ashwin,20
MK Pandey,Arshdeep Singh,9
Mohammad Nabi,Mohammed Shami,4
Rashid Khan,Mohammed Shami,3
Rashid Khan,Arshdeep Singh,1
Abhishek Sharma,Arshdeep Singh,48
V Shankar,Arshdeep Singh,10
MJ Guptill,BB Sran,8
WP Saha,SL Malinga,1
MJ Guptill,SL Malinga,6
MJ Guptill,JJ Bumrah,2
MK Pandey,SL Malinga,21
KS Williamson,RD Chahar,1
KS Williamson,KH Pandya,6
V Shankar,KH Pandya,22
Abhishek Sharma,KH Pandya,8
Abhishek Sharma,HH Pandya,5
Mohammad Nabi,SL Malinga,15
WP Saha,UT Yadav,2
MJ Guptill,UT Yadav,8
MJ Guptill,NA Saini,20
WP Saha,NA Saini,4
WP Saha,YS Chahal,27
MJ Guptill,YS Chahal,1
MK Pandey,NA Saini,28
MK Pandey,K Khejroliya,6
MJ Guptill,K Khejroliya,1
MK Pandey,Washington Sundar,30
MJ Guptill,Washington Sundar,0
KS Williamson,Washington Sundar,21
V Shankar,K Khejroliya,1
KS Williamson,K Khejroliya,17
V Shankar,Washington Sundar,13
V Shankar,C de Grandhomme,10
YK Pathan,K Khejroliya,1
YK Pathan,YS Chahal,2
KS Williamson,NA Saini,17
Mohammad Nabi,NA Saini,4
Rashid Khan,K Khejroliya,1
B Kumar,K Khejroliya,1
B Kumar,NA Saini,2
B Kumar,UT Yadav,15
WP Saha,TA Boult,7
MJ Guptill,TA Boult,16
MJ Guptill,I Sharma,13
WP Saha,I Sharma,1
MJ Guptill,AR Patel,6
MJ Guptill,A Mishra,1
MK Pandey,KMA Paul,2
KS Williamson,SE Rutherford,9
V Shankar,SE Rutherford,1
Mohammad Nabi,I Sharma,4
Mohammad Nabi,AR Patel,5
Mohammad Nabi,KMA Paul,11
DJ Hooda,TA Boult,3
DJ Hooda,KMA Paul,1
Rashid Khan,KMA Paul,0
Basil Thampi,KMA Paul,1
WP Saha,NM Coulter-Nile,15
DA Warner,JL Pattinson,37
WP Saha,JL Pattinson,4
WP Saha,RD Chahar,9
DA Warner,KH Pandya,38
JM Bairstow,Arshdeep Singh,24
JM Bairstow,Mohammed Shami,22
JM Bairstow,M Ashwin,24
DA Warner,Ravi Bishnoi,5
MK Pandey,Ravi Bishnoi,12
JM Bairstow,Ravi Bishnoi,17
Abdul Samad,M Ashwin,2
Abdul Samad,Mohammed Shami,5
V Shankar,Ravi Bishnoi,3
MK Pandey,CJ Jordan,3
V Shankar,CJ Jordan,7
V Shankar,M Ashwin,9
JO Holder,CJ Jordan,3
JO Holder,Arshdeep Singh,6
PK Garg,Arshdeep Singh,4
PK Garg,CJ Jordan,2
Rashid Khan,CJ Jordan,0
Sandeep Sharma,CJ Jordan,0
Sandeep Sharma,Arshdeep Singh,0
KK Ahmed,Arshdeep Singh,0
WP Saha,CH Morris,6
WP Saha,Washington Sundar,5
KS Williamson,I Udana,2
WP Saha,I Udana,9
Abhishek Sharma,Washington Sundar,2
JO Holder,I Udana,9
JO Holder,NA Saini,21
Abhishek Sharma,NA Saini,6
JO Holder,YS Chahal,10
JM Bairstow,Kartik Tyagi,12
DA Warner,Kartik Tyagi,9
MK Pandey,Kartik Tyagi,61
KS Williamson,Kartik Tyagi,6
PK Garg,JD Unadkat,12
PK Garg,JC Archer,3
JM Bairstow,PJ Cummins,16
JM Bairstow,Shivam Mavi,5
JM Bairstow,CV Varun,28
KS Williamson,CV Varun,2
KS Williamson,LH Ferguson,11
PK Garg,LH Ferguson,2
PK Garg,CV Varun,4
MK Pandey,CV Varun,27
DA Warner,CV Varun,9
V Shankar,Kuldeep Yadav,5
DA Warner,PJ Cummins,14
V Shankar,PJ Cummins,1
Abdul Samad,PJ Cummins,23
Abdul Samad,CV Varun,35
Abdul Samad,LH Ferguson,13
Abdul Samad,Shivam Mavi,7
DA Warner,Shivam Mavi,7
Rashid Khan,AD Russell,1
PK Garg,RA Jadeja,11
Abhishek Sharma,RA Jadeja,34
Abhishek Sharma,PP Chawla,40
PK Garg,PP Chawla,13
Abhishek Sharma,DJ Bravo,19
PK Garg,DJ Bravo,17
PK Garg,SN Thakur,10
Abhishek Sharma,SN Thakur,15
Abhishek Sharma,SM Curran,11
PK Garg,SM Curran,20
Abhishek Sharma,DL Chahar,19
PK Garg,DL Chahar,7
Abdul Samad,DJ Bravo,6
Abdul Samad,SN Thakur,22
V Shankar,JC Archer,14
V Shankar,Kartik Tyagi,7
DA Warner,A Nortje,27
WP Saha,A Nortje,9
WP Saha,K Rabada,26
WP Saha,AR Patel,27
WP Saha,TU Deshpande,12
DA Warner,TU Deshpande,4
MK Pandey,TU Deshpande,18
MK Pandey,K Rabada,14
MK Pandey,MP Stoinis,18
WP Saha,MP Stoinis,5
MK Pandey,A Nortje,17
KS Williamson,TU Deshpande,1
KS Williamson,MP Stoinis,29
KS Williamson,A Nortje,23
KS Williamson,K Rabada,33
JM Bairstow,SM Curran,6
KS Williamson,SM Curran,8
PK Garg,KV Sharma,8
Rashid Khan,KV Sharma,11
S Nadeem,KV Sharma,4
S Nadeem,SN Thakur,1
S Nadeem,DJ Bravo,0
Sandeep Sharma,DJ Bravo,1
T Natarajan,DJ Bravo,0
JM Bairstow,A Nortje,3
DA Warner,MP Stoinis,18
JM Bairstow,MP Stoinis,20
JM Bairstow,A Mishra,17
Abdul Samad,A Nortje,37
Abdul Samad,K Rabada,19
DA Warner,DW Steyn,21
MK Pandey,DW Steyn,7
JM Bairstow,NA Saini,12
JM Bairstow,S Dube,1
PK Garg,S Dube,3
PK Garg,UT Yadav,1
PK Garg,DW Steyn,7
JM Bairstow,DW Steyn,5
Abhishek Sharma,YS Chahal,10
PK Garg,YS Chahal,14
Abhishek Sharma,S Dube,2
Rashid Khan,S Dube,5
Rashid Khan,NA Saini,1
Sandeep Sharma,NA Saini,1
Sandeep Sharma,S Dube,2
MR Marsh,S Dube,0
T Natarajan,S Dube,2
T Natarajan,DW Steyn,1
Sandeep Sharma,DW Steyn,6
JM Bairstow,TA Boult,25
JM Bairstow,JL Pattinson,12
JM Bairstow,KH Pandya,13
MK Pandey,KA Pollard,7
DA Warner,KA Pollard,41
MK Pandey,JL Pattinson,1
KS Williamson,JL Pattinson,0
PK Garg,TA Boult,4
PK Garg,KA Pollard,6
PK Garg,KH Pandya,0
Abhishek Sharma,JL Pattinson,2
Abdul Samad,JL Pattinson,1
Abhishek Sharma,JJ Bumrah,7
Abdul Samad,JJ Bumrah,20
Abhishek Sharma,TA Boult,25
Abdul Samad,TA Boult,6
Sandeep Sharma,JJ Bumrah,0
Rashid Khan,KA Pollard,2
DA Warner,SS Cottrell,11
JM Bairstow,SS Cottrell,16
JM Bairstow,GJ Maxwell,22
Abdul Samad,Ravi Bishnoi,8
KS Williamson,Arshdeep Singh,8
Abdul Samad,Arshdeep Singh,6
KS Williamson,Ravi Bishnoi,3
Abhishek Sharma,Mohammed Shami,8
MK Pandey,Shivam Mavi,7
MK Pandey,PJ Cummins,14
WP Saha,CV Varun,10
MK Pandey,KL Nagarkoti,7
WP Saha,KL Nagarkoti,9
WP Saha,PJ Cummins,2
Mohammad Nabi,AD Russell,6
Mohammad Nabi,Shivam Mavi,5
Abhishek Sharma,AD Russell,11
SP Goswami,Mohammed Siraj,0
DA Warner,NA Saini,2
KS Williamson,A Zampa,11
MK Pandey,A Zampa,0
PK Garg,A Zampa,2
JO Holder,MM Ali,1
JO Holder,Washington Sundar,1
JO Holder,A Zampa,3
JO Holder,S Dube,2
KS Williamson,S Dube,5
JO Holder,Mohammed Siraj,6
PK Garg,R Ashwin,8
PK Garg,A Nortje,6
PK Garg,K Rabada,2
PK Garg,MP Stoinis,1
JO Holder,A Nortje,4
JO Holder,AR Patel,4
KS Williamson,P Dubey,11
JO Holder,P Dubey,3
Abdul Samad,MP Stoinis,5
Abdul Samad,AR Patel,7
Abdul Samad,R Ashwin,17
Rashid Khan,R Ashwin,10
Rashid Khan,K Rabada,11
SP Goswami,K Rabada,0
S Nadeem,K Rabada,0
Sandeep Sharma,A Nortje,2
S Nadeem,A Nortje,2
WP Saha,Harbhajan Singh,7
WP Saha,Shakib Al Hasan,0
JM Bairstow,Shakib Al Hasan,10
MK Pandey,Shakib Al Hasan,22
Mohammad Nabi,Shakib Al Hasan,2
Mohammad Nabi,CV Varun,3
Mohammad Nabi,M Prasidh Krishna,9
V Shankar,CV Varun,8
Abdul Samad,AD Russell,18
DA Warner,KA Jamieson,17
WP Saha,KA Jamieson,1
MK Pandey,KA Jamieson,7
DA Warner,HV Patel,70
MK Pandey,HV Patel,2
JM Bairstow,KA Jamieson,4
MK Pandey,Shahbaz Ahmed,4
JM Bairstow,Shahbaz Ahmed,2
V Shankar,Shahbaz Ahmed,1
Abdul Samad,Shahbaz Ahmed,0
V Shankar,HV Patel,2
JO Holder,HV Patel,12
B Kumar,HV Patel,4
Rashid Khan,HV Patel,8
S Nadeem,HV Patel,0
DA Warner,AF Milne,30
JM Bairstow,AF Milne,15
Virat Singh,KA Pollard,6
Virat Singh,RD Chahar,3
V Shankar,KA Pollard,1
V Shankar,AF Milne,2
Virat Singh,AF Milne,2
Abhishek Sharma,RD Chahar,10
Abdul Samad,RD Chahar,8
Abdul Samad,KH Pandya,11
Rashid Khan,TA Boult,0
B Kumar,TA Boult,1
KK Ahmed,TA Boult,1
Mujeeb Ur Rahman,TA Boult,1
JM Bairstow,FA Allen,14
DA Warner,MC Henriques,1
JM Bairstow,MC Henriques,6
DA Warner,DJ Hooda,18
JM Bairstow,DJ Hooda,10
DA Warner,FA Allen,0
KS Williamson,M Ashwin,4
KS Williamson,FA Allen,7
KS Williamson,DJ Hooda,2
JM Bairstow,R Ashwin,10
JM Bairstow,Avesh Khan,6
Virat Singh,Avesh Khan,0
Virat Singh,A Mishra,1
Virat Singh,R Ashwin,3
Virat Singh,AR Patel,0
KM Jadhav,Avesh Khan,2
KM Jadhav,AR Patel,6
KM Jadhav,K Rabada,1
KM Jadhav,A Mishra,0
Abhishek Sharma,A Mishra,3
Abhishek Sharma,Avesh Khan,2
Abhishek Sharma,AR Patel,6
Rashid Khan,AR Patel,6
V Shankar,A Mishra,3
V Shankar,Avesh Khan,2
J Suchith,Avesh Khan,8
J Suchith,K Rabada,6
DA Warner,L Ngidi,16
KM Jadhav,SN Thakur,1
KM Jadhav,SM Curran,11
JM Bairstow,Mustafizur Rahman,7
MK Pandey,Mustafizur Rahman,0
JM Bairstow,C Sakariya,15
MK Pandey,C Sakariya,1
KS Williamson,R Tewatia,15
KS Williamson,C Sakariya,15
V Shankar,C Sakariya,2
KM Jadhav,CH Morris,2
KM Jadhav,R Tewatia,13
KM Jadhav,Kartik Tyagi,1
Mohammad Nabi,Kartik Tyagi,4
Mohammad Nabi,R Tewatia,13
KM Jadhav,Mustafizur Rahman,2
Mohammad Nabi,Mustafizur Rahman,0
Abdul Samad,Mustafizur Rahman,1
Abdul Samad,C Sakariya,9
KM Jadhav,C Sakariya,1
Abdul Samad,CH Morris,0
Rashid Khan,Mustafizur Rahman,0
B Kumar,Mustafizur Rahman,2
Sandeep Sharma,CH Morris,2
B Kumar,C Sakariya,6
Sandeep Sharma,C Sakariya,1
JJ Roy,TA Boult,7
JJ Roy,JJ Bumrah,17
JJ Roy,PP Chawla,9
JJ Roy,NM Coulter-Nile,1
Abhishek Sharma,NM Coulter-Nile,13
MK Pandey,JDS Neesham,12
Abhishek Sharma,JDS Neesham,3
Mohammad Nabi,PP Chawla,1
Abdul Samad,PP Chawla,3
Abdul Samad,JDS Neesham,0
PK Garg,JDS Neesham,13
MK Pandey,NM Coulter-Nile,15
PK Garg,NM Coulter-Nile,2
PK Garg,JJ Bumrah,1
JO Holder,JJ Bumrah,1
JO Holder,NM Coulter-Nile,0
Rashid Khan,NM Coulter-Nile,9
S Kaul,NM Coulter-Nile,0
S Kaul,TA Boult,1
JJ Roy,DL Chahar,2
WP Saha,DL Chahar,17
WP Saha,JR Hazlewood,2
JJ Roy,JR Hazlewood,0
KS Williamson,JR Hazlewood,11
WP Saha,RA Jadeja,7
WP Saha,MM Ali,4
Abhishek Sharma,MM Ali,7
Abdul Samad,RA Jadeja,5
Abdul Samad,JR Hazlewood,9
Abhishek Sharma,JR Hazlewood,31
JO Holder,JR Hazlewood,1
Rashid Khan,JR Hazlewood,1
JO Holder,DJ Bravo,2
JO Holder,SN Thakur,2
B Kumar,DL Chahar,2
Rashid Khan,DL Chahar,6
JJ Roy,Mohammed Siraj,1
Abhishek Sharma,Mohammed Siraj,24
Abhishek Sharma,GHS Garton,12
JJ Roy,GHS Garton,6
JJ Roy,Shahbaz Ahmed,13
KS Williamson,Shahbaz Ahmed,8
KS Williamson,GHS Garton,9
JJ Roy,HV Patel,12
JJ Roy,YS Chahal,10
PK Garg,HV Patel,3
PK Garg,DT Christian,4
JJ Roy,DT Christian,2
Abdul Samad,DT Christian,1
Abdul Samad,YS Chahal,6
WP Saha,DT Christian,2
JO Holder,DT Christian,5
WP Saha,HV Patel,4
JJ Roy,JD Unadkat,3
JJ Roy,CH Morris,18
JJ Roy,Mustafizur Rahman,9
WP Saha,MK Lomror,0
JJ Roy,MK Lomror,4
JJ Roy,R Tewatia,25
JJ Roy,C Sakariya,1
PK Garg,Mustafizur Rahman,0
Abhishek Sharma,C Sakariya,13
Abhishek Sharma,Mustafizur Rahman,2
WP Saha,Avesh Khan,5
KM Jadhav,R Ashwin,2
KM Jadhav,A Nortje,1
JO Holder,R Ashwin,2
JO Holder,K Rabada,8
Rashid Khan,Avesh Khan,3
Abdul Samad,Avesh Khan,14
Rashid Khan,A Nortje,3
B Kumar,Avesh Khan,5
Sandeep Sharma,Avesh Khan,0
WP Saha,NT Ellis,4
MK Pandey,NT Ellis,1
MK Pandey,Harpreet Brar,2
WP Saha,Harpreet Brar,11
WP Saha,Ravi Bishnoi,5
KM Jadhav,Harpreet Brar,8
KM Jadhav,NT Ellis,2
KM Jadhav,Ravi Bishnoi,2
JO Holder,Harpreet Brar,2
JO Holder,Ravi Bishnoi,10
JO Holder,NT Ellis,24
JO Holder,Mohammed Shami,7
B Kumar,Arshdeep Singh,6
B Kumar,NT Ellis,1
JJ Roy,TG Southee,9
JJ Roy,Shivam Mavi,1
PK Garg,Shivam Mavi,0
PK Garg,Shakib Al Hasan,13
KS Williamson,Shakib Al Hasan,6
PK Garg,SP Narine,6
Abhishek Sharma,SP Narine,39
Abhishek Sharma,Shakib Al Hasan,2
Abdul Samad,Shakib Al Hasan,3
Abdul Samad,SP Narine,14
JO Holder,CV Varun,1
JO Holder,SP Narine,2
Rashid Khan,CV Varun,1
Abdul Samad,TG Southee,0
B Kumar,Shivam Mavi,2
S Kaul,Shivam Mavi,1
Abhishek Sharma,M Prasidh Krishna,2
KS Williamson,M Prasidh Krishna,0
RA Tripathi,M Prasidh Krishna,0
N Pooran,M Prasidh Krishna,0
N Pooran,TA Boult,0
AK Markram,TA Boult,6
AK Markram,M Prasidh Krishna,12
AK Markram,NM Coulter-Nile,7
AK Markram,R Ashwin,8
Abhishek Sharma,R Ashwin,28
AK Markram,YS Chahal,14
R Shepherd,YS Chahal,4
R Shepherd,R Ashwin,6
R Shepherd,NM Coulter-Nile,14
Washington Sundar,YS Chahal,3
Washington Sundar,NM Coulter-Nile,24
Washington Sundar,M Prasidh Krishna,2
Washington Sundar,TA Boult,11
B Kumar,NM Coulter-Nile,8
B Kumar,R Parag,2
AK Markram,R Parag,12
Abhishek Sharma,JO Holder,6
KS Williamson,JO Holder,9
RA Tripathi,Avesh Khan,20
RA Tripathi,AJ Tye,14
Abhishek Sharma,AJ Tye,5
AK Markram,Avesh Khan,1
RA Tripathi,Ravi Bishnoi,16
AK Markram,Ravi Bishnoi,15
AK Markram,AJ Tye,2
AK Markram,KH Pandya,2
RA Tripathi,KH Pandya,21
N Pooran,KH Pandya,9
N Pooran,Avesh Khan,7
N Pooran,Ravi Bishnoi,6
Washington Sundar,KH Pandya,3
N Pooran,JO Holder,10
Washington Sundar,JO Holder,4
Washington Sundar,Ravi Bishnoi,7
Washington Sundar,AJ Tye,8
N Pooran,AJ Tye,2
R Shepherd,Avesh Khan,0
R Shepherd,AJ Tye,7
B Kumar,JO Holder,8
R Shepherd,JO Holder,1
Umran Malik,JO Holder,1
Abhishek Sharma,Mukesh Choudhary,57
KS Williamson,Mukesh Choudhary,3
Abhishek Sharma,M Theekshana,33
KS Williamson,M Theekshana,16
KS Williamson,CJ Jordan,7
Abhishek Sharma,CJ Jordan,10
RA Tripathi,Mukesh Choudhary,12
RA Tripathi,DJ Bravo,9
RA Tripathi,M Theekshana,3
RA Tripathi,CJ Jordan,16
N Pooran,DJ Bravo,5
Abhishek Sharma,LH Ferguson,26
Abhishek Sharma,Rashid Khan,63
KS Williamson,Rashid Khan,6
Abhishek Sharma,DG Nalkande,5
KS Williamson,DG Nalkande,5
RA Tripathi,Rashid Khan,4
RA Tripathi,DG Nalkande,5
RA Tripathi,LH Ferguson,1
RA Tripathi,HH Pandya,1
RA Tripathi,R Tewatia,6
N Pooran,R Tewatia,2
N Pooran,Rashid Khan,5
N Pooran,LH Ferguson,12
AK Markram,HH Pandya,16
N Pooran,HH Pandya,3
AK Markram,LH Ferguson,28
AK Markram,Mohammed Shami,17
N Pooran,Mohammed Shami,7
N Pooran,DG Nalkande,6
Abhishek Sharma,UT Yadav,6
Abhishek Sharma,PJ Cummins,0
RA Tripathi,PJ Cummins,8
RA Tripathi,UT Yadav,7
AK Markram,AD Russell,19
RA Tripathi,AD Russell,41
AK Markram,Aman Hakim Khan,2
RA Tripathi,Aman Hakim Khan,11
AK Markram,CV Varun,68
RA Tripathi,CV Varun,33
RA Tripathi,SP Narine,37
AK Markram,SP Narine,36
AK Markram,PJ Cummins,19
AK Markram,UT Yadav,20
N Pooran,AD Russell,1
N Pooran,CV Varun,2
N Pooran,SP Narine,3
N Pooran,PJ Cummins,1
Abhishek Sharma,VG Arora,15
KS Williamson,VG Arora,2
RA Tripathi,K Rabada,14
RA Tripathi,VG Arora,21
RA Tripathi,Arshdeep Singh,10
RA Tripathi,RD Chahar,33
RA Tripathi,OF Smith,7
Abhishek Sharma,OF Smith,1
AK Markram,RD Chahar,6
Abhishek Sharma,LS Livingstone,23
AK Markram,LS Livingstone,7
N Pooran,RD Chahar,6
N Pooran,Arshdeep Singh,15
AK Markram,Arshdeep Singh,11
N Pooran,LS Livingstone,10
N Pooran,K Rabada,5
AK Markram,K Rabada,16
N Pooran,VG Arora,1
AK Markram,VG Arora,22
Abhishek Sharma,HV Patel,29
KS Williamson,PWH de Silva,6
Abhishek Sharma,PWH de Silva,1
RA Tripathi,HV Patel,24
Abhishek Sharma,Yash Dayal,26
KS Williamson,Yash Dayal,1
RA Tripathi,Mohammed Shami,14
RA Tripathi,Yash Dayal,3
Abhishek Sharma,AS Joseph,10
AK Markram,AS Joseph,14
AK Markram,Rashid Khan,13
AK Markram,Yash Dayal,18
N Pooran,AS Joseph,2
Washington Sundar,Mohammed Shami,1
Washington Sundar,Yash Dayal,2
Washington Sundar,AS Joseph,0
Shashank Singh,AS Joseph,7
M Jansen,AS Joseph,1
M Jansen,LH Ferguson,7
Shashank Singh,LH Ferguson,18
KS Williamson,Simarjeet Singh,13
Abhishek Sharma,Simarjeet Singh,10
KS Williamson,MJ Santner,10
Abhishek Sharma,MJ Santner,11
AK Markram,RA Jadeja,27
AK Markram,MJ Santner,14
N Pooran,MJ Santner,1
N Pooran,RA Jadeja,7
N Pooran,M Theekshana,12
KS Williamson,D Pretorius,9
N Pooran,D Pretorius,21
Shashank Singh,D Pretorius,9
Shashank Singh,M Theekshana,2
Shashank Singh,Mukesh Choudhary,4
Washington Sundar,Mukesh Choudhary,2
N Pooran,Mukesh Choudhary,23
Abhishek Sharma,KK Ahmed,8
RA Tripathi,KK Ahmed,8
KS Williamson,KK Ahmed,0
RA Tripathi,A Nortje,4
AK Markram,A Nortje,0
RA Tripathi,SN Thakur,15
AK Markram,SN Thakur,16
RA Tripathi,MR Marsh,3
AK Markram,MR Marsh,17
AK Markram,Kuldeep Yadav,32
N Pooran,Kuldeep Yadav,10
N Pooran,MR Marsh,2
N Pooran,KK Ahmed,8
AK Markram,KK Ahmed,0
Shashank Singh,KK Ahmed,4
N Pooran,A Nortje,23
Shashank Singh,A Nortje,1
Shashank Singh,SN Thakur,5
N Pooran,SN Thakur,19
SA Abbott,SN Thakur,0
SA Abbott,A Nortje,1
SA Abbott,KK Ahmed,6
S Gopal,KK Ahmed,0
Kartik Tyagi,SN Thakur,0
S Gopal,MR Marsh,9
Kartik Tyagi,MR Marsh,7
Kartik Tyagi,Kuldeep Yadav,0
B Kumar,Kuldeep Yadav,5
S Gopal,Kuldeep Yadav,0
Abhishek Sharma,GJ Maxwell,0
RA Tripathi,GJ Maxwell,2
AK Markram,GJ Maxwell,11
RA Tripathi,JR Hazlewood,7
AK Markram,JR Hazlewood,1
RA Tripathi,Shahbaz Ahmed,15
AK Markram,Shahbaz Ahmed,3
AK Markram,Mohammed Siraj,4
RA Tripathi,Mohammed Siraj,17
AK Markram,MK Lomror,3
RA Tripathi,MK Lomror,5
AK Markram,HV Patel,9
RA Tripathi,PWH de Silva,5
AK Markram,PWH de Silva,0
N Pooran,PWH de Silva,5
N Pooran,Shahbaz Ahmed,1
N Pooran,Mohammed Siraj,6
N Pooran,HV Patel,7
J Suchith,PWH de Silva,2
J Suchith,Mohammed Siraj,0
Shashank Singh,PWH de Silva,6
Shashank Singh,JR Hazlewood,2
Kartik Tyagi,JR Hazlewood,0
B Kumar,JR Hazlewood,6
Umran Malik,PWH de Silva,0
Fazalhaq Farooqi,PWH de Silva,0
Fazalhaq Farooqi,HV Patel,1
Fazalhaq Farooqi,JR Hazlewood,1
Abhishek Sharma,TG Southee,10
Abhishek Sharma,CV Varun,28
RA Tripathi,TG Southee,0
AK Markram,TG Southee,2
Washington Sundar,SP Narine,1
Washington Sundar,UT Yadav,1
Shashank Singh,UT Yadav,1
Shashank Singh,CV Varun,1
Washington Sundar,CV Varun,0
Shashank Singh,TG Southee,4
Washington Sundar,TG Southee,2
Washington Sundar,AD Russell,0
M Jansen,AD Russell,1
Shashank Singh,AD Russell,5
B Kumar,AD Russell,5
Umran Malik,TG Southee,3
Umran Malik,AD Russell,0
Abhishek Sharma,DR Sams,2
PK Garg,DR Sams,19
Abhishek Sharma,RP Meredith,7
PK Garg,RP Meredith,0
RA Tripathi,DR Sams,17
RA Tripathi,R Sanjay Yadav,14
RA Tripathi,JJ Bumrah,18
PK Garg,M Markande,14
RA Tripathi,M Markande,5
PK Garg,R Sanjay Yadav,7
RA Tripathi,Ramandeep Singh,12
PK Garg,Ramandeep Singh,1
N Pooran,Ramandeep Singh,4
N Pooran,JJ Bumrah,6
N Pooran,RP Meredith,15
RA Tripathi,RP Meredith,10
N Pooran,M Markande,12
N Pooran,DR Sams,1
AK Markram,RP Meredith,2
AK Markram,Ramandeep Singh,1
KS Williamson,Ramandeep Singh,1
KS Williamson,RP Meredith,2
Washington Sundar,RP Meredith,8
Washington Sundar,JJ Bumrah,2
PK Garg,LS Livingstone,1
RA Tripathi,NT Ellis,11
Abhishek Sharma,NT Ellis,4
RA Tripathi,Harpreet Brar,27
Abhishek Sharma,Harpreet Brar,20
RA Tripathi,LS Livingstone,3
AK Markram,Harpreet Brar,14
N Pooran,Harpreet Brar,2
AK Markram,NT Ellis,24
N Pooran,NT Ellis,1
Washington Sundar,K Rabada,13
R Shepherd,Harpreet Brar,0
Washington Sundar,Arshdeep Singh,8
R Shepherd,Arshdeep Singh,7
Washington Sundar,NT Ellis,4
R Shepherd,NT Ellis,19
R Shepherd,K Rabada,0
J Suchith,NT Ellis,0
Umran Malik,NT Ellis,0
RA Tripathi,TA Boult,15
HC Brook,TA Boult,1
MA Agarwal,KM Asif,5
HC Brook,KM Asif,4
MA Agarwal,TA Boult,7
MA Agarwal,JO Holder,6
HC Brook,JO Holder,0
MA Agarwal,R Ashwin,6
HC Brook,R Ashwin,5
HC Brook,YS Chahal,3
MA Agarwal,YS Chahal,3
Washington Sundar,KM Asif,1
GD Phillips,JO Holder,7
GD Phillips,R Ashwin,1
AU Rashid,R Ashwin,6
Abdul Samad,NA Saini,17
AU Rashid,NA Saini,7
AU Rashid,YS Chahal,5
Abdul Samad,KM Asif,3
B Kumar,KM Asif,1
B Kumar,R Ashwin,2
Abdul Samad,JO Holder,2
B Kumar,YS Chahal,2
Umran Malik,YS Chahal,0
Umran Malik,TA Boult,12
Umran Malik,NA Saini,7
Anmolpreet Singh,KR Mayers,8
MA Agarwal,KR Mayers,2
Anmolpreet Singh,JD Unadkat,10
MA Agarwal,JD Unadkat,1
MA Agarwal,KH Pandya,5
Anmolpreet Singh,KH Pandya,11
RA Tripathi,JD Unadkat,1
RA Tripathi,Yash Thakur,8
Anmolpreet Singh,Yash Thakur,6
Anmolpreet Singh,Ravi Bishnoi,3
HC Brook,Ravi Bishnoi,3
RA Tripathi,DJ Hooda,6
Washington Sundar,DJ Hooda,2
Washington Sundar,Yash Thakur,3
Washington Sundar,A Mishra,7
RA Tripathi,A Mishra,11
Abdul Samad,Yash Thakur,26
Abdul Samad,A Mishra,2
AU Rashid,A Mishra,4
Abdul Samad,JD Unadkat,13
HC Brook,SM Curran,4
MA Agarwal,Arshdeep Singh,9
MA Agarwal,Harpreet Brar,7
HC Brook,Harpreet Brar,1
HC Brook,Arshdeep Singh,8
MA Agarwal,NT Ellis,2
MA Agarwal,SM Curran,2
RA Tripathi,SM Curran,10
MA Agarwal,RD Chahar,1
RA Tripathi,Mohit Rathee,21
AK Markram,Mohit Rathee,8
AK Markram,SM Curran,2
HC Brook,UT Yadav,31
MA Agarwal,UT Yadav,13
MA Agarwal,LH Ferguson,4
HC Brook,LH Ferguson,27
MA Agarwal,SP Narine,2
HC Brook,SP Narine,7
MA Agarwal,AD Russell,0
HC Brook,AD Russell,3
HC Brook,CV Varun,17
HC Brook,Suyash Sharma,10
AK Markram,Suyash Sharma,28
Abhishek Sharma,Suyash Sharma,12
H Klaasen,SN Thakur,13
HC Brook,SN Thakur,5
H Klaasen,UT Yadav,7
HC Brook,Arjun Tendulkar,5
MA Agarwal,Arjun Tendulkar,2
MA Agarwal,JP Behrendorff,29
HC Brook,JP Behrendorff,4
RA Tripathi,JP Behrendorff,2
RA Tripathi,Arjun Tendulkar,5
AK Markram,JP Behrendorff,3
MA Agarwal,RP Meredith,16
AK Markram,HR Shokeen,9
MA Agarwal,HR Shokeen,3
MA Agarwal,PP Chawla,30
AK Markram,PP Chawla,8
AK Markram,C Green,5
MA Agarwal,C Green,3
Abhishek Sharma,C Green,1
H Klaasen,PP Chawla,26
H Klaasen,RP Meredith,5
H Klaasen,C Green,8
Abdul Samad,RP Meredith,2
M Jansen,RP Meredith,4
M Jansen,C Green,9
Abdul Samad,C Green,1
Washington Sundar,JP Behrendorff,9
Abdul Samad,JP Behrendorff,5
B Kumar,C Green,11
Abdul Samad,Arjun Tendulkar,1
M Markande,Arjun Tendulkar,2
B Kumar,Arjun Tendulkar,0
HC Brook,Akash Singh,8
Abhishek Sharma,Akash Singh,9
Abhishek Sharma,TU Deshpande,19
HC Brook,TU Deshpande,10
RA Tripathi,Akash Singh,0
RA Tripathi,MM Ali,14
RA Tripathi,RA Jadeja,5
AK Markram,M Pathirana,7
RA Tripathi,M Pathirana,1
H Klaasen,RA Jadeja,16
AK Markram,M Theekshana,23
H Klaasen,M Theekshana,10
MA Agarwal,M Theekshana,1
MA Agarwal,RA Jadeja,1
M Jansen,RA Jadeja,2
M Jansen,M Theekshana,5
H Klaasen,M Pathirana,8
M Jansen,M Pathirana,8
Washington Sundar,M Pathirana,3
Washington Sundar,TU Deshpande,6
M Jansen,TU Deshpande,2
HC Brook,I Sharma,3
MA Agarwal,I Sharma,11
HC Brook,A Nortje,1
MA Agarwal,A Nortje,13
HC Brook,Mukesh Kumar,2
MA Agarwal,Mukesh Kumar,5
HC Brook,AR Patel,1
MA Agarwal,AR Patel,7
RA Tripathi,AR Patel,6
MA Agarwal,Kuldeep Yadav,5
RA Tripathi,Kuldeep Yadav,4
MA Agarwal,MR Marsh,13
RA Tripathi,I Sharma,3
AK Markram,I Sharma,1
Abhishek Sharma,I Sharma,31
Abhishek Sharma,Kuldeep Yadav,38
H Klaasen,Kuldeep Yadav,23
AK Markram,AR Patel,3
Washington Sundar,AR Patel,2
H Klaasen,AR Patel,21
Washington Sundar,Kuldeep Yadav,3
H Klaasen,A Nortje,30
Washington Sundar,A Nortje,10
H Klaasen,Mukesh Kumar,22
Washington Sundar,Mukesh Kumar,9
M Jansen,A Nortje,1
M Jansen,Mukesh Kumar,1
Abhishek Sharma,A Nortje,6
RA Tripathi,Mukesh Kumar,9
Abhishek Sharma,Mukesh Kumar,14
Abhishek Sharma,MR Marsh,2
HC Brook,MR Marsh,0
H Klaasen,MR Marsh,3
Abdul Samad,Kuldeep Yadav,8
Abdul Samad,MR Marsh,8
AJ Hosein,A Nortje,5
AJ Hosein,MR Marsh,11
Abhishek Sharma,Harshit Rana,10
MA Agarwal,Harshit Rana,27
MA Agarwal,VG Arora,10
RA Tripathi,Harshit Rana,11
AK Markram,Harshit Rana,5
AK Markram,AS Roy,5
HC Brook,AS Roy,0
H Klaasen,AS Roy,20
H Klaasen,SP Narine,28
H Klaasen,CV Varun,35
H Klaasen,Harshit Rana,29
Abdul Samad,VG Arora,11
M Jansen,VG Arora,1
M Jansen,CV Varun,0
B Kumar,VG Arora,5
B Kumar,CV Varun,0
M Markande,CV Varun,1
Anmolpreet Singh,Sandeep Sharma,14
Abhishek Sharma,Sandeep Sharma,15
Abhishek Sharma,K Yadav,8
Anmolpreet Singh,K Yadav,7
Anmolpreet Singh,R Ashwin,6
Anmolpreet Singh,YS Chahal,6
RA Tripathi,YS Chahal,4
RA Tripathi,R Ashwin,34
RA Tripathi,K Yadav,3
Abhishek Sharma,M Ashwin,14
RA Tripathi,M Ashwin,21
H Klaasen,R Ashwin,9
H Klaasen,M Ashwin,7
H Klaasen,K Yadav,8
H Klaasen,YS Chahal,50
AK Markram,OC McCoy,5
RA Tripathi,OC McCoy,7
GD Phillips,YS Chahal,3
GD Phillips,K Yadav,22
M Jansen,K Yadav,2
Abdul Samad,Sandeep Sharma,17
M Jansen,Sandeep Sharma,1
Anmolpreet Singh,Yudhvir Singh,14
Abhishek Sharma,Yudhvir Singh,2
Abhishek Sharma,KR Mayers,5
RA Tripathi,Yudhvir Singh,1
Anmolpreet Singh,Avesh Khan,14
AK Markram,Yash Thakur,0
Anmolpreet Singh,A Mishra,6
AK Markram,A Mishra,14
AK Markram,Yudhvir Singh,6
H Klaasen,A Mishra,18
H Klaasen,Ravi Bishnoi,15
GD Phillips,KH Pandya,0
H Klaasen,KH Pandya,3
H Klaasen,Yash Thakur,6
H Klaasen,Avesh Khan,9
B Kumar,Yash Thakur,2
Anmolpreet Singh,Mohammed Shami,5
H Klaasen,Mohammed Shami,4
H Klaasen,Yash Dayal,17
Sanvir Singh,Mohammed Shami,6
H Klaasen,Rashid Khan,21
Sanvir Singh,Rashid Khan,1
Sanvir Singh,MM Sharma,0
Abdul Samad,MM Sharma,13
M Jansen,MM Sharma,1
H Klaasen,MM Sharma,14
M Jansen,Rashid Khan,2
B Kumar,Rashid Khan,7
H Klaasen,Noor Ahmad,43
B Kumar,Noor Ahmad,9
B Kumar,Yash Dayal,8
B Kumar,MM Sharma,1
B Kumar,R Tewatia,0
B Kumar,Mohammed Shami,2
M Markande,Mohammed Shami,0
M Markande,Yash Dayal,1
M Markande,MM Sharma,11
Fazalhaq Farooqi,MM Sharma,0
M Markande,R Tewatia,6
Fazalhaq Farooqi,R Tewatia,1
Abhishek Sharma,WD Parnell,6
RA Tripathi,WD Parnell,15
Abhishek Sharma,MG Bracewell,0
AK Markram,MG Bracewell,3
RA Tripathi,MG Bracewell,0
H Klaasen,MG Bracewell,10
H Klaasen,Shahbaz Ahmed,32
H Klaasen,HV Patel,35
AK Markram,KV Sharma,5
H Klaasen,KV Sharma,28
H Klaasen,WD Parnell,8
AK Markram,WD Parnell,2
HC Brook,Shahbaz Ahmed,5
H Klaasen,Mohammed Siraj,5
HC Brook,Mohammed Siraj,4
HC Brook,KV Sharma,11
HC Brook,HV Patel,3
HC Brook,WD Parnell,4
GD Phillips,HV Patel,4
GD Phillips,Mohammed Siraj,1
Vivrant Sharma,JP Behrendorff,13
Vivrant Sharma,C Green,1
MA Agarwal,CJ Jordan,3
Vivrant Sharma,CJ Jordan,20
Vivrant Sharma,Akash Madhwal,3
MA Agarwal,Akash Madhwal,19
Vivrant Sharma,PP Chawla,23
MA Agarwal,K Kartikeya,26
Vivrant Sharma,K Kartikeya,9
H Klaasen,Akash Madhwal,11
H Klaasen,K Kartikeya,2
GD Phillips,Akash Madhwal,0
H Klaasen,CJ Jordan,3
GD Phillips,CJ Jordan,1
AK Markram,CJ Jordan,10
AK Markram,Akash Madhwal,3
HC Brook,Akash Madhwal,0
Sanvir Singh,CJ Jordan,4
MA Agarwal,MA Starc,12
Abhishek Sharma,MA Starc,7
MA Agarwal,CV Varun,1
RA Tripathi,Suyash Sharma,8
H Klaasen,Suyash Sharma,3
Abdul Samad,Suyash Sharma,1
Abdul Samad,MA Starc,2
H Klaasen,MA Starc,22
H Klaasen,AD Russell,9
Shahbaz Ahmed,AD Russell,12
Shahbaz Ahmed,CV Varun,6
Shahbaz Ahmed,MA Starc,6
Shahbaz Ahmed,Harshit Rana,0
M Jansen,Harshit Rana,1
PJ Cummins,Harshit Rana,16
MA Agarwal,KT Maphaka,2
TM Head,KT Maphaka,25
TM Head,HH Pandya,25
MA Agarwal,HH Pandya,10
MA Agarwal,JJ Bumrah,4
TM Head,JJ Bumrah,8
Abhishek Sharma,G Coetzee,12
TM Head,G Coetzee,16
TM Head,PP Chawla,3
AK Markram,G Coetzee,8
Abhishek Sharma,KT Maphaka,20
AK Markram,SZ Mulani,5
H Klaasen,SZ Mulani,26
H Klaasen,JJ Bumrah,22
AK Markram,JJ Bumrah,7
H Klaasen,HH Pandya,8
H Klaasen,G Coetzee,14
AK Markram,KT Maphaka,5
H Klaasen,KT Maphaka,11
MA Agarwal,Azmatullah Omarzai,6
TM Head,Azmatullah Omarzai,11
TM Head,UT Yadav,5
Abhishek Sharma,Azmatullah Omarzai,6
TM Head,Rashid Khan,2
TM Head,Noor Ahmad,1
Abhishek Sharma,Noor Ahmad,5
AK Markram,Noor Ahmad,8
AK Markram,MM Sharma,7
Abhishek Sharma,MM Sharma,2
Shahbaz Ahmed,Rashid Khan,5
Shahbaz Ahmed,UT Yadav,5
Abdul Samad,UT Yadav,8
Shahbaz Ahmed,DG Nalkande,10
Abdul Samad,DG Nalkande,7
Abdul Samad,Rashid Khan,5
Shahbaz Ahmed,MM Sharma,2
Washington Sundar,MM Sharma,0
PJ Cummins,MM Sharma,2
TM Head,DL Chahar,21
AK Markram,DL Chahar,12
TM Head,M Theekshana,5
TM Head,TU Deshpande,15
AK Markram,TU Deshpande,7
TM Head,RA Jadeja,3
Shahbaz Ahmed,M Theekshana,1
Shahbaz Ahmed,RA Jadeja,2
Shahbaz Ahmed,MM Ali,13
AK Markram,MM Ali,7
Shahbaz Ahmed,R Ravindra,2
H Klaasen,R Ravindra,1
Nithish Kumar Reddy,MM Ali,1
H Klaasen,MM Ali,1
Nithish Kumar Reddy,RA Jadeja,11
Nithish Kumar Reddy,TU Deshpande,3
H Klaasen,TU Deshpande,6
Nithish Kumar Reddy,DL Chahar,7
TM Head,K Rabada,20
TM Head,Arshdeep Singh,1
Nithish Kumar Reddy,Arshdeep Singh,0
Nithish Kumar Reddy,HV Patel,9
Nithish Kumar Reddy,Harpreet Brar,45
Nithish Kumar Reddy,SM Curran,12
H Klaasen,Harpreet Brar,11
Nithish Kumar Reddy,K Rabada,8
H Klaasen,K Rabada,1
H Klaasen,SM Curran,3
Abdul Samad,HV Patel,21
Shahbaz Ahmed,Arshdeep Singh,14
PJ Cummins,Arshdeep Singh,1
PJ Cummins,K Rabada,2
Shahbaz Ahmed,SM Curran,2
B Kumar,SM Curran,3
JD Unadkat,SM Curran,6
Abhishek Sharma,WG Jacks,32
TM Head,WG Jacks,20
Abhishek Sharma,RJW Topley,7
TM Head,RJW Topley,21
TM Head,Yash Dayal,21
TM Head,LH Ferguson,24
Abhishek Sharma,Vijaykumar Vyshak,9
TM Head,Vijaykumar Vyshak,17
H Klaasen,RJW Topley,11
H Klaasen,LH Ferguson,19
H Klaasen,Vijaykumar Vyshak,12
H Klaasen,MK Lomror,14
AK Markram,Vijaykumar Vyshak,16
AK Markram,RJW Topley,3
Abdul Samad,Yash Dayal,5
Abdul Samad,RJW Topley,24
Abdul Samad,Vijaykumar Vyshak,8
TM Head,KK Ahmed,15
TM Head,Lalit Yadav,24
Abhishek Sharma,Lalit Yadav,17
TM Head,A Nortje,22
TM Head,Kuldeep Yadav,3
TM Head,Mukesh Kumar,22
TM Head,AR Patel,3
Shahbaz Ahmed,AR Patel,14
Nithish Kumar Reddy,AR Patel,10
Nithish Kumar Reddy,A Nortje,3
Shahbaz Ahmed,A Nortje,5
Nithish Kumar Reddy,KK Ahmed,6
Shahbaz Ahmed,KK Ahmed,20
Nithish Kumar Reddy,Mukesh Kumar,8
Shahbaz Ahmed,Mukesh Kumar,19
Shahbaz Ahmed,Kuldeep Yadav,1
Nithish Kumar Reddy,Kuldeep Yadav,10
Abdul Samad,Mukesh Kumar,7
Abdul Samad,KK Ahmed,6
PJ Cummins,Mukesh Kumar,1
AK Markram,WG Jacks,1
Nithish Kumar Reddy,Yash Dayal,0
AK Markram,Swapnil Singh,4
H Klaasen,Swapnil Singh,7
Nithish Kumar Reddy,Swapnil Singh,10
Nithish Kumar Reddy,Mohammed Siraj,3
Shahbaz Ahmed,Mohammed Siraj,7
Shahbaz Ahmed,Swapnil Singh,5
Nithish Kumar Reddy,KV Sharma,0
Abdul Samad,KV Sharma,2
Shahbaz Ahmed,KV Sharma,5
Shahbaz Ahmed,LH Ferguson,14
PJ Cummins,KV Sharma,16
PJ Cummins,Swapnil Singh,13
Shahbaz Ahmed,Yash Dayal,7
PJ Cummins,Yash Dayal,2
PJ Cummins,C Green,0
Shahbaz Ahmed,C Green,2
B Kumar,KV Sharma,4
JD Unadkat,C Green,0
JD Unadkat,Mohammed Siraj,1
JD Unadkat,LH Ferguson,6
JD Unadkat,Yash Dayal,1
Anmolpreet Singh,TU Deshpande,0
AK Markram,Mustafizur Rahman,8
Nithish Kumar Reddy,Mustafizur Rahman,3
Nithish Kumar Reddy,SN Thakur,4
H Klaasen,Mustafizur Rahman,2
Abdul Samad,M Pathirana,8
Shahbaz Ahmed,M Pathirana,1
Shahbaz Ahmed,SN Thakur,1
PJ Cummins,SN Thakur,5
PJ Cummins,TU Deshpande,0
B Kumar,TU Deshpande,3
Shahbaz Ahmed,TU Deshpande,1
Shahbaz Ahmed,Mustafizur Rahman,4
JD Unadkat,Mustafizur Rahman,1
TM Head,TA Boult,20
TM Head,R Ashwin,8
TM Head,Avesh Khan,23
Nithish Kumar Reddy,Sandeep Sharma,11
TM Head,Sandeep Sharma,15
TM Head,YS Chahal,26
Nithish Kumar Reddy,YS Chahal,24
Nithish Kumar Reddy,R Ashwin,21
Nithish Kumar Reddy,Avesh Khan,22
Nithish Kumar Reddy,TA Boult,3
H Klaasen,TA Boult,19
H Klaasen,Sandeep Sharma,21
TM Head,N Thushara,9
Abhishek Sharma,N Thushara,2
Abhishek Sharma,A Kamboj,7
TM Head,A Kamboj,24
MA Agarwal,A Kamboj,0
Nithish Kumar Reddy,A Kamboj,8
Nithish Kumar Reddy,HH Pandya,10
Nithish Kumar Reddy,PP Chawla,2
M Jansen,HH Pandya,4
Shahbaz Ahmed,PP Chawla,6
M Jansen,PP Chawla,12
Shahbaz Ahmed,JJ Bumrah,4
M Jansen,JJ Bumrah,1
Shahbaz Ahmed,HH Pandya,0
Abdul Samad,HH Pandya,2
PJ Cummins,HH Pandya,1
PJ Cummins,PP Chawla,8
PJ Cummins,N Thushara,20
Sanvir Singh,N Thushara,6
Sanvir Singh,JJ Bumrah,2
PJ Cummins,JJ Bumrah,6
Abhishek Sharma,K Gowtham,2
TM Head,K Gowtham,26
Abhishek Sharma,Yash Thakur,43
Abhishek Sharma,Ravi Bishnoi,13
TM Head,Ravi Bishnoi,21
Abhishek Sharma,Naveen-ul-Haq,6
TM Head,Naveen-ul-Haq,31
TM Head,A Badoni,8
Abhishek Sharma,A Badoni,11
TM Head,Yash Thakur,3
RA Tripathi,R Dhawan,16
Abhishek Sharma,R Dhawan,16
Nithish Kumar Reddy,R Dhawan,2
Nithish Kumar Reddy,RD Chahar,23
Abhishek Sharma,Shashank Singh,0
H Klaasen,Shashank Singh,3
Nithish Kumar Reddy,Shashank Singh,2
H Klaasen,RD Chahar,8
H Klaasen,Arshdeep Singh,11
Shahbaz Ahmed,HV Patel,1
Abdul Samad,Harpreet Brar,2
Sanvir Singh,Harpreet Brar,2
Sanvir Singh,Atharva Taide,4
TM Head,MA Starc,0
RA Tripathi,MA Starc,21
Nithish Kumar Reddy,VG Arora,10
Nithish Kumar Reddy,MA Starc,7
Sanvir Singh,SP Narine,0
PJ Cummins,SP Narine,8
Abdul Samad,Harshit Rana,1
B Kumar,Harshit Rana,0
PJ Cummins,CV Varun,14
V Viyaskanth,Harshit Rana,1
V Viyaskanth,CV Varun,2
PJ Cummins,MA Starc,11
V Viyaskanth,MA Starc,1
V Viyaskanth,AD Russell,3
PJ Cummins,AD Russell,5
Shahbaz Ahmed,YS Chahal,3
Shahbaz Ahmed,Avesh Khan,2
Shahbaz Ahmed,R Ashwin,9
Shahbaz Ahmed,TA Boult,3
PJ Cummins,Sandeep Sharma,5
Shahbaz Ahmed,Sandeep Sharma,1
JD Unadkat,Avesh Khan,5
PJ Cummins,Avesh Khan,0
TM Head,VG Arora,0
AK Markram,MA Starc,5
Nithish Kumar Reddy,Harshit Rana,5
JD Unadkat,Harshit Rana,1
JD Unadkat,SP Narine,3
B Kumar,SP Narine,0
PA Reddy,MN Samuels,4
PA Patel,MN Samuels,10
PA Reddy,B Kumar,7
PA Patel,B Kumar,12
PA Patel,AB Dinda,9
PA Reddy,AB Dinda,1
KC Sangakkara,AB Dinda,4
PA Reddy,AD Mathews,8
KC Sangakkara,AD Mathews,8
KC Sangakkara,R Sharma,3
PA Reddy,R Sharma,5
CL White,R Sharma,4
PA Reddy,Yuvraj Singh,2
CL White,Yuvraj Singh,6
NLTC Perera,R Sharma,10
CL White,MN Samuels,0
GH Vihari,MN Samuels,3
NLTC Perera,MN Samuels,16
NLTC Perera,B Kumar,4
GH Vihari,B Kumar,3
NLTC Perera,AB Dinda,1
GH Vihari,AB Dinda,6
A Ashish Reddy,B Kumar,1
DB Ravi Teja,B Kumar,1
DB Ravi Teja,AB Dinda,3
A Ashish Reddy,AB Dinda,9
PA Reddy,JD Unadkat,3
PA Patel,JD Unadkat,10
PA Patel,MC Henriques,0
CL White,MC Henriques,11
PA Reddy,MC Henriques,9
CL White,JD Unadkat,12
GH Vihari,MC Henriques,4
PA Reddy,M Kartik,9
GH Vihari,M Kartik,9
PA Reddy,R Vinay Kumar,7
GH Vihari,R Vinay Kumar,22
GH Vihari,M Muralitharan,11
PA Reddy,M Muralitharan,0
KC Sangakkara,M Muralitharan,8
KC Sangakkara,R Vinay Kumar,7
KC Sangakkara,TM Dilshan,8
GH Vihari,TM Dilshan,2
KC Sangakkara,JD Unadkat,7
GH Vihari,JD Unadkat,5
NLTC Perera,JD Unadkat,15
NLTC Perera,M Muralitharan,3
A Ashish Reddy,M Kartik,6
A Ashish Reddy,R Vinay Kumar,10
DW Steyn,R Vinay Kumar,13
NLTC Perera,R Vinay Kumar,12
CL White,R Vinay Kumar,33
PA Reddy,IK Pathan,1
PA Reddy,S Kaul,0
PA Patel,S Kaul,0
KC Sangakkara,IK Pathan,1
PA Patel,IK Pathan,5
KC Sangakkara,S Kaul,8
PA Patel,M Morkel,6
KC Sangakkara,M Morkel,4
KC Sangakkara,UT Yadav,5
PA Patel,UT Yadav,14
KC Sangakkara,J Botha,10
PA Patel,J Botha,3
KC Sangakkara,S Nadeem,6
PA Patel,S Nadeem,1
GH Vihari,S Nadeem,11
GH Vihari,J Botha,5
CL White,S Nadeem,3
GH Vihari,M Morkel,3
CL White,M Morkel,1
A Ashish Reddy,M Morkel,5
NLTC Perera,M Morkel,1
A Ashish Reddy,UT Yadav,20
NLTC Perera,UT Yadav,1
A Mishra,M Morkel,7
A Mishra,IK Pathan,4
NLTC Perera,IK Pathan,0
DW Steyn,IK Pathan,8
A Mishra,UT Yadav,5
DW Steyn,UT Yadav,2
PA Patel,L Balaji,12
CL White,L Balaji,6
PA Patel,SMSM Senanayake,6
CL White,SMSM Senanayake,7
CL White,SP Narine,2
PA Patel,SP Narine,9
PA Patel,JH Kallis,6
CL White,JH Kallis,1
CL White,R Bhatia,18
PA Patel,R Bhatia,2
KC Sangakkara,R Bhatia,1
DB Ravi Teja,JH Kallis,1
KC Sangakkara,JH Kallis,1
DB Ravi Teja,R Bhatia,4
NLTC Perera,R Bhatia,2
NLTC Perera,L Balaji,8
DB Ravi Teja,L Balaji,4
DB Ravi Teja,SP Narine,1
NLTC Perera,SP Narine,25
A Ashish Reddy,SP Narine,1
NLTC Perera,SMSM Senanayake,1
A Ashish Reddy,SMSM Senanayake,3
KV Sharma,SP Narine,3
NLTC Perera,JH Kallis,1
KV Sharma,JH Kallis,2
GH Vihari,JH Kallis,1
KV Sharma,R Bhatia,2
GH Vihari,R Bhatia,0
A Mishra,R Bhatia,1
Q de Kock,B Kumar,1
Q de Kock,AB Dinda,1
CL White,B Kumar,0
BB Samantray,AB Dinda,0
BB Samantray,AD Mathews,9
KV Sharma,AD Mathews,2
KV Sharma,B Kumar,3
BB Samantray,B Kumar,1
BB Samantray,R Sharma,16
KV Sharma,R Sharma,1
BB Samantray,MR Marsh,11
KV Sharma,MR Marsh,2
NLTC Perera,MR Marsh,1
A Mishra,MR Marsh,8
A Mishra,R Sharma,3
A Mishra,AD Mathews,6
A Ashish Reddy,MR Marsh,3
A Ashish Reddy,AD Mathews,25
A Mishra,AB Dinda,13
DW Steyn,AB Dinda,4
Q de Kock,P Kumar,0
GH Vihari,P Kumar,8
PA Reddy,AD Mascarenhas,7
GH Vihari,AD Mascarenhas,15
PA Reddy,P Kumar,4
GH Vihari,Azhar Mahmood,5
PA Reddy,Azhar Mahmood,3
PA Reddy,PP Chawla,1
GH Vihari,PP Chawla,20
GH Vihari,MS Gony,1
PA Reddy,MS Gony,4
CL White,AD Mascarenhas,3
CL White,PP Chawla,5
BB Samantray,PP Chawla,2
CL White,Azhar Mahmood,3
BB Samantray,Azhar Mahmood,2
CL White,MS Gony,5
BB Samantray,MS Gony,6
NLTC Perera,MS Gony,3
A Ashish Reddy,Azhar Mahmood,2
NLTC Perera,Azhar Mahmood,20
A Ashish Reddy,MS Gony,5
Q de Kock,MM Sharma,4
GH Vihari,MM Sharma,4
S Dhawan,JO Holder,29
GH Vihari,JO Holder,1
CL White,MM Sharma,0
CL White,JO Holder,2
A Mishra,MM Sharma,0
S Dhawan,R Ashwin,38
A Mishra,R Ashwin,4
A Mishra,JO Holder,11
A Mishra,CH Morris,3
X Thalaivan Sargunam,CH Morris,3
X Thalaivan Sargunam,R Ashwin,1
X Thalaivan Sargunam,JO Holder,3
X Thalaivan Sargunam,DJ Bravo,3
DJG Sammy,DJ Bravo,6
DJG Sammy,RA Jadeja,8
A Ashish Reddy,DJ Bravo,23
A Ashish Reddy,CH Morris,11
DJG Sammy,CH Morris,5
A Ashish Reddy,MM Sharma,7
PA Reddy,A Chandila,2
S Dhawan,A Chandila,0
KC Sangakkara,JP Faulkner,4
GH Vihari,JP Faulkner,4
S Dhawan,JP Faulkner,23
GH Vihari,A Chandila,1
KV Sharma,A Chandila,6
KV Sharma,JP Faulkner,1
NLTC Perera,A Chandila,4
DJG Sammy,A Chandila,0
GH Vihari,SR Watson,4
DJG Sammy,SR Watson,33
GH Vihari,KK Cooper,2
A Mishra,KK Cooper,3
DJG Sammy,KK Cooper,28
A Mishra,SR Watson,5
A Mishra,SK Trivedi,11
DJG Sammy,SK Trivedi,20
DJG Sammy,STR Binny,18
A Mishra,STR Binny,2
A Mishra,JP Faulkner,0
DJG Sammy,JP Faulkner,11
A Ashish Reddy,JP Faulkner,2
A Ashish Reddy,STR Binny,4
A Ashish Reddy,KK Cooper,8
DW Steyn,JP Faulkner,9
DW Steyn,KK Cooper,16
PA Reddy,MG Johnson,6
PA Reddy,DS Kulkarni,1
KC Sangakkara,MG Johnson,2
S Dhawan,MG Johnson,22
KC Sangakkara,Harbhajan Singh,12
KC Sangakkara,SL Malinga,5
KC Sangakkara,PP Ojha,2
S Dhawan,PP Ojha,26
GH Vihari,PP Ojha,18
S Dhawan,RG Sharma,2
GH Vihari,RG Sharma,2
GH Vihari,DR Smith,6
S Dhawan,DR Smith,9
GH Vihari,SL Malinga,17
GH Vihari,MG Johnson,12
GH Vihari,Harbhajan Singh,6
GH Vihari,DS Kulkarni,6
DJG Sammy,DS Kulkarni,2
S Dhawan,IK Pathan,5
S Dhawan,A Nehra,28
PA Patel,A Nehra,3
S Dhawan,J Botha,8
A Ashish Reddy,J Botha,0
A Ashish Reddy,A Nehra,7
PA Patel,BMAJ Mendis,1
DJG Sammy,BMAJ Mendis,12
KC Sangakkara,BMAJ Mendis,2
DJG Sammy,S Nadeem,3
DJG Sammy,J Botha,3
GH Vihari,BMAJ Mendis,1
GH Vihari,UT Yadav,8
PA Reddy,RP Singh,7
PA Patel,R Vinay Kumar,2
KC Sangakkara,RP Singh,5
PA Patel,RP Singh,0
PA Patel,M Muralitharan,10
CL White,M Muralitharan,8
KC Sangakkara,M Kartik,4
CL White,M Kartik,8
NLTC Perera,M Kartik,8
NLTC Perera,MC Henriques,7
CL White,RP Singh,2
NLTC Perera,RP Singh,4
A Ashish Reddy,RP Singh,1
BB Samantray,RP Singh,2
GH Vihari,RP Singh,4
PA Patel,MM Sharma,18
PA Patel,JO Holder,20
KC Sangakkara,JO Holder,0
KC Sangakkara,MM Sharma,1
KC Sangakkara,R Ashwin,2
PA Patel,R Ashwin,4
GH Vihari,R Ashwin,1
PA Patel,SK Raina,2
GH Vihari,SK Raina,1
DJG Sammy,SK Raina,1
DJG Sammy,MM Sharma,19
NLTC Perera,MM Sharma,1
NLTC Perera,R Ashwin,4
KV Sharma,R Ashwin,11
NLTC Perera,CH Morris,11
KV Sharma,CH Morris,5
NLTC Perera,DJ Bravo,7
KV Sharma,DJ Bravo,17
KV Sharma,JO Holder,3
A Mishra,DJ Bravo,2
A Mishra,RA Jadeja,1
KV Sharma,RA Jadeja,12
DW Steyn,RA Jadeja,1
DW Steyn,DJ Bravo,6
DW Steyn,CH Morris,7
PA Patel,P Kumar,3
S Dhawan,P Awana,6
PA Patel,P Awana,17
S Dhawan,Harmeet Singh,0
GH Vihari,Harmeet Singh,1
PA Patel,Harmeet Singh,19
GH Vihari,Sandeep Sharma,4
CL White,Sandeep Sharma,5
CL White,Harmeet Singh,5
PA Patel,Sandeep Sharma,10
BB Samantray,Sandeep Sharma,0
PA Patel,PP Chawla,12
DJG Sammy,PP Chawla,1
KV Sharma,PP Chawla,8
KV Sharma,Sandeep Sharma,12
KV Sharma,Harmeet Singh,11
KV Sharma,P Awana,4
NLTC Perera,PP Chawla,3
NLTC Perera,P Awana,8
NLTC Perera,P Kumar,18
NLTC Perera,Harmeet Singh,3
DW Steyn,P Kumar,1
PA Patel,MG Johnson,18
PA Patel,DS Kulkarni,4
PA Patel,Harbhajan Singh,3
PA Patel,SL Malinga,1
S Dhawan,KA Pollard,13
GH Vihari,KA Pollard,4
CL White,MG Johnson,11
CL White,PP Ojha,9
CL White,DS Kulkarni,16
CL White,SL Malinga,7
NLTC Perera,SL Malinga,1
NLTC Perera,DS Kulkarni,1
PA Patel,BJ Hodge,2
S Dhawan,BJ Hodge,1
PA Patel,JP Faulkner,0
CL White,SR Watson,10
BB Samantray,JP Faulkner,7
GH Vihari,PV Tambe,5
BB Samantray,PV Tambe,10
BB Samantray,SR Watson,9
GH Vihari,STR Binny,3
BB Samantray,STR Binny,6
BB Samantray,SK Trivedi,9
GH Vihari,SK Trivedi,5
BB Samantray,KK Cooper,28
DJG Sammy,PV Tambe,4
NLTC Perera,JP Faulkner,15
NLTC Perera,KK Cooper,13
KV Sharma,KK Cooper,5
PA Patel,YK Pathan,15
PA Patel,PJ Sangwan,14
PA Patel,Mohammed Shami,4
S Dhawan,JH Kallis,12
PA Patel,Iqbal Abdulla,6
S Dhawan,Iqbal Abdulla,0
GH Vihari,Iqbal Abdulla,4
GH Vihari,Mohammed Shami,1
CL White,Iqbal Abdulla,2
GH Vihari,SP Narine,1
NLTC Perera,Iqbal Abdulla,1
DJG Sammy,SP Narine,7
NLTC Perera,Mohammed Shami,2
DJG Sammy,Mohammed Shami,2
BB Samantray,Mohammed Shami,4
DJG Sammy,Iqbal Abdulla,15
BB Samantray,Iqbal Abdulla,1
PA Patel,VS Malik,1
S Dhawan,VS Malik,6
GH Vihari,VS Malik,0
CL White,VS Malik,7
CL White,JP Faulkner,1
CL White,SK Trivedi,8
S Dhawan,SK Trivedi,9
CL White,KK Cooper,5
S Dhawan,KK Cooper,3
NLTC Perera,SR Watson,0
AJ Finch,DS Kulkarni,3
S Dhawan,KW Richardson,19
DA Warner,KW Richardson,35
DA Warner,PV Tambe,19
S Dhawan,PV Tambe,27
DA Warner,R Bhatia,9
S Dhawan,R Bhatia,23
KL Rahul,R Bhatia,16
KL Rahul,PV Tambe,5
DJG Sammy,R Bhatia,3
KL Rahul,DS Kulkarni,15
Y Venugopal Rao,KW Richardson,10
DJG Sammy,KW Richardson,0
Y Venugopal Rao,JP Faulkner,6
KV Sharma,KW Richardson,4
AJ Finch,Sandeep Sharma,21
DA Warner,MG Johnson,35
AJ Finch,MG Johnson,15
AJ Finch,L Balaji,0
KL Rahul,L Balaji,3
DA Warner,L Balaji,0
Y Venugopal Rao,L Balaji,0
KL Rahul,R Dhawan,10
Y Venugopal Rao,R Dhawan,9
Y Venugopal Rao,Sandeep Sharma,2
KL Rahul,Sandeep Sharma,9
KL Rahul,AR Patel,4
IK Pathan,AR Patel,1
IK Pathan,R Dhawan,3
KL Rahul,GJ Maxwell,8
IK Pathan,GJ Maxwell,2
DJG Sammy,AR Patel,11
DJG Sammy,L Balaji,4
KV Sharma,L Balaji,1
KV Sharma,AR Patel,2
DW Steyn,AR Patel,2
DW Steyn,MG Johnson,5
KV Sharma,MG Johnson,6
DW Steyn,Sandeep Sharma,4
A Mishra,MG Johnson,1
DW Steyn,L Balaji,1
A Mishra,L Balaji,2
B Kumar,L Balaji,1
A Mishra,R Dhawan,1
B Kumar,R Dhawan,0
AJ Finch,S Nadeem,12
AJ Finch,Mohammed Shami,15
AJ Finch,WD Parnell,5
S Dhawan,WD Parnell,21
AJ Finch,JD Unadkat,30
DA Warner,S Nadeem,10
DA Warner,JP Duminy,20
AJ Finch,JP Duminy,10
DA Warner,LR Shukla,5
DA Warner,WD Parnell,12
AJ Finch,LR Shukla,17
AJ Finch,BW Hilfenhaus,1
S Dhawan,BW Hilfenhaus,5
S Dhawan,IC Pandey,2
AJ Finch,IC Pandey,16
DA Warner,BW Hilfenhaus,0
KL Rahul,BW Hilfenhaus,1
KL Rahul,IC Pandey,2
KL Rahul,MM Sharma,6
KL Rahul,R Ashwin,5
AJ Finch,R Ashwin,7
KL Rahul,RA Jadeja,10
AJ Finch,RA Jadeja,10
AJ Finch,DR Smith,8
KL Rahul,DR Smith,2
Y Venugopal Rao,DR Smith,1
Y Venugopal Rao,RA Jadeja,7
Y Venugopal Rao,IC Pandey,2
Y Venugopal Rao,R Ashwin,3
Y Venugopal Rao,MM Sharma,4
AJ Finch,MM Sharma,2
DJG Sammy,R Ashwin,0
DJG Sammy,BW Hilfenhaus,10
KV Sharma,MM Sharma,3
KV Sharma,BW Hilfenhaus,14
AJ Finch,Z Khan,8
AJ Finch,SL Malinga,12
KL Rahul,Z Khan,10
AJ Finch,PP Ojha,30
KL Rahul,PP Ojha,12
KL Rahul,SL Malinga,6
KL Rahul,Harbhajan Singh,14
DA Warner,PP Ojha,23
KL Rahul,KA Pollard,13
DA Warner,Z Khan,10
DA Warner,CJ Anderson,6
DJG Sammy,CJ Anderson,10
IK Pathan,SL Malinga,1
AJ Finch,MA Starc,3
S Dhawan,MA Starc,20
AJ Finch,AB Dinda,11
S Dhawan,AB Dinda,17
KL Rahul,MA Starc,0
KL Rahul,AB Dinda,6
S Dhawan,VR Aaron,28
DJG Sammy,AB Dinda,1
DA Warner,AB Dinda,27
DJG Sammy,YS Chahal,1
DJG Sammy,HV Patel,6
DA Warner,MA Starc,25
NV Ojha,MA Starc,9
NV Ojha,AB Dinda,8
NV Ojha,VR Aaron,15
IK Pathan,MA Starc,4
KV Sharma,MA Starc,1
AJ Finch,KW Richardson,3
AJ Finch,SR Watson,0
AJ Finch,JP Faulkner,1
KL Rahul,JP Faulkner,2
AJ Finch,R Bhatia,4
NV Ojha,R Bhatia,17
NV Ojha,PV Tambe,15
MC Henriques,PV Tambe,5
MC Henriques,R Bhatia,2
IK Pathan,R Bhatia,2
IK Pathan,PV Tambe,2
IK Pathan,JP Faulkner,8
MC Henriques,JP Faulkner,21
IK Pathan,KW Richardson,5
MC Henriques,KW Richardson,13
KV Sharma,SR Watson,7
DW Steyn,SR Watson,1
IK Pathan,SR Watson,4
DW Steyn,KW Richardson,5
B Kumar,JP Faulkner,0
AJ Finch,S Kaul,1
S Dhawan,S Kaul,0
DA Warner,S Kaul,2
AJ Finch,Imran Tahir,2
DA Warner,R Shukla,6
AJ Finch,R Shukla,0
NV Ojha,R Shukla,7
NV Ojha,LR Shukla,6
AJ Finch,CJ Anderson,13
AJ Finch,JJ Bumrah,8
S Dhawan,CJ Anderson,1
AJ Finch,Harbhajan Singh,11
KL Rahul,JJ Bumrah,7
AJ Finch,KA Pollard,2
NV Ojha,KA Pollard,7
AJ Finch,Shivam Sharma,2
AJ Finch,AR Patel,1
NV Ojha,Shivam Sharma,23
S Dhawan,Shivam Sharma,3
S Dhawan,R Dhawan,12
NV Ojha,R Dhawan,25
DA Warner,R Dhawan,24
DA Warner,Shivam Sharma,3
NV Ojha,MG Johnson,6
MC Henriques,Sandeep Sharma,2
KV Sharma,R Dhawan,1
AJ Finch,M Morkel,2
S Dhawan,M Morkel,41
AJ Finch,UT Yadav,6
NV Ojha,M Morkel,25
DA Warner,Shakib Al Hasan,13
NV Ojha,Shakib Al Hasan,9
DA Warner,RN ten Doeschate,1
NV Ojha,RN ten Doeschate,13
KL Rahul,Shakib Al Hasan,1
KL Rahul,SP Narine,5
KL Rahul,PP Chawla,6
DA Warner,M Morkel,40
KL Rahul,M Morkel,2
IK Pathan,PP Chawla,13
DJG Sammy,UT Yadav,3
IK Pathan,UT Yadav,3
IK Pathan,SP Narine,4
DJG Sammy,Shakib Al Hasan,18
IK Pathan,Shakib Al Hasan,3
KV Sharma,Shakib Al Hasan,4
KV Sharma,UT Yadav,4
S Dhawan,M Muralitharan,10
DA Warner,M Muralitharan,15
DA Warner,AN Ahmed,21
S Dhawan,AN Ahmed,24
NV Ojha,M Muralitharan,1
NV Ojha,YS Chahal,8
NV Ojha,Yuvraj Singh,5
DA Warner,Yuvraj Singh,1
AJ Finch,VR Aaron,7
AJ Finch,Yuvraj Singh,3
DJG Sammy,VR Aaron,7
DJG Sammy,MA Starc,3
S Dhawan,JW Hastings,1
DA Warner,JW Hastings,26
S Dhawan,P Negi,26
DA Warner,P Negi,8
NV Ojha,JW Hastings,1
NV Ojha,P Negi,11
NV Ojha,RA Jadeja,1
NV Ojha,SK Raina,2
NV Ojha,MM Sharma,13
AJ Finch,SK Raina,7
AJ Finch,P Negi,0
DJG Sammy,P Negi,0
S Dhawan,R Vinay Kumar,14
NV Ojha,R Vinay Kumar,3
S Dhawan,RN ten Doeschate,1
Y Venugopal Rao,UT Yadav,3
Y Venugopal Rao,R Vinay Kumar,5
Y Venugopal Rao,Shakib Al Hasan,5
S Dhawan,Shakib Al Hasan,18
Y Venugopal Rao,SP Narine,1
Y Venugopal Rao,M Morkel,13
S Anirudha,SP Narine,2
S Anirudha,Shakib Al Hasan,1
JO Holder,Shakib Al Hasan,0
JO Holder,UT Yadav,15
DJG Sammy,R Vinay Kumar,7
JO Holder,R Vinay Kumar,0
KV Sharma,R Vinay Kumar,7
DA Warner,A Nehra,25
KL Rahul,A Nehra,4
DA Warner,IC Pandey,18
NV Ojha,IC Pandey,1
NV Ojha,R Ashwin,14
NV Ojha,DJ Bravo,5
RS Bopara,R Ashwin,2
RS Bopara,IC Pandey,6
KS Williamson,IC Pandey,1
RS Bopara,RA Jadeja,13
RS Bopara,DJ Bravo,1
KS Williamson,A Nehra,4
KV Sharma,A Nehra,1
Parvez Rasool,MM Sharma,2
DA Warner,SA Abbott,7
S Dhawan,SA Abbott,10
DA Warner,DJG Sammy,2
S Dhawan,DJG Sammy,8
KL Rahul,YS Chahal,10
KL Rahul,DJG Sammy,8
KL Rahul,VR Aaron,13
KL Rahul,SA Abbott,2
KL Rahul,AN Ahmed,11
DA Warner,TG Southee,34
S Dhawan,DJ Hooda,26
KL Rahul,TG Southee,2
EJG Morgan,DS Kulkarni,1
NV Ojha,CH Morris,8
NV Ojha,DS Kulkarni,3
EJG Morgan,JP Faulkner,11
NV Ojha,JP Faulkner,14
EJG Morgan,STR Binny,9
NV Ojha,STR Binny,3
EJG Morgan,TG Southee,8
NV Ojha,TG Southee,3
RS Bopara,PV Tambe,12
EJG Morgan,PV Tambe,21
RS Bopara,DJ Hooda,4
EJG Morgan,DJ Hooda,5
A Ashish Reddy,PV Tambe,3
RS Bopara,CH Morris,9
A Ashish Reddy,TG Southee,9
RS Bopara,TG Southee,2
S Dhawan,JP Duminy,12
S Dhawan,DJ Muthuswami,0
DA Warner,DJ Muthuswami,20
RS Bopara,JP Duminy,10
KL Rahul,JP Duminy,1
RS Bopara,Imran Tahir,14
KL Rahul,Imran Tahir,3
KL Rahul,A Mishra,10
RS Bopara,A Mishra,7
RS Bopara,Yuvraj Singh,2
KL Rahul,Yuvraj Singh,8
RS Bopara,AD Mathews,2
KL Rahul,AD Mathews,2
NV Ojha,AD Mathews,9
RS Bopara,NM Coulter-Nile,10
EJG Morgan,JP Duminy,8
A Ashish Reddy,JP Duminy,1
A Ashish Reddy,Imran Tahir,2
KV Sharma,Imran Tahir,14
KV Sharma,NM Coulter-Nile,11
A Ashish Reddy,NM Coulter-Nile,0
P Kumar,NM Coulter-Nile,1
DA Warner,J Botha,18
RS Bopara,M Morkel,1
RS Bopara,SP Narine,1
MC Henriques,AD Russell,6
KL Rahul,UT Yadav,0
MC Henriques,UT Yadav,13
KL Rahul,J Suchith,23
NV Ojha,J Suchith,6
KL Rahul,R Vinay Kumar,10
RS Bopara,R Vinay Kumar,2
RS Bopara,J Suchith,7
RS Bopara,Harbhajan Singh,5
RS Bopara,MJ McClenaghan,5
KL Rahul,MJ McClenaghan,2
RS Bopara,SL Malinga,4
GH Vihari,MJ McClenaghan,2
KV Sharma,MJ McClenaghan,4
P Kumar,SL Malinga,2
DW Steyn,SL Malinga,1
KV Sharma,SL Malinga,2
B Kumar,R Vinay Kumar,6
GH Vihari,Anureet Singh,9
MC Henriques,M Vijay,7
DA Warner,M Vijay,11
NV Ojha,M Vijay,3
NV Ojha,Anureet Singh,12
MC Henriques,Anureet Singh,5
MC Henriques,R Dhawan,1
MC Henriques,MG Johnson,3
RS Bopara,MG Johnson,0
A Ashish Reddy,MG Johnson,7
A Ashish Reddy,Anureet Singh,2
A Ashish Reddy,Sandeep Sharma,13
DA Warner,RG More,10
S Dhawan,RG More,5
MC Henriques,SK Raina,13
MC Henriques,P Negi,6
EJG Morgan,SK Raina,3
EJG Morgan,P Negi,7
EJG Morgan,DJ Bravo,5
EJG Morgan,MM Sharma,20
EJG Morgan,RG More,1
NV Ojha,RG More,11
NV Ojha,A Nehra,0
EJG Morgan,A Nehra,1
GH Vihari,DJ Bravo,6
MC Henriques,J Botha,4
MC Henriques,GB Hogg,3
S Dhawan,GB Hogg,1
EJG Morgan,GB Hogg,0
EJG Morgan,J Botha,2
EJG Morgan,YK Pathan,1
EJG Morgan,PP Chawla,8
MC Henriques,PP Chawla,7
EJG Morgan,RN ten Doeschate,0
MC Henriques,RN ten Doeschate,2
GH Vihari,RN ten Doeschate,1
GH Vihari,GB Hogg,2
Bipul Sharma,PP Chawla,1
KV Sharma,GB Hogg,4
P Kumar,GB Hogg,7
KV Sharma,J Botha,22
P Kumar,J Botha,2
P Kumar,UT Yadav,3
P Kumar,AD Russell,0
DW Steyn,AD Russell,1
DA Warner,SR Watson,34
EJG Morgan,SR Watson,29
RS Bopara,JP Faulkner,10
EJG Morgan,CH Morris,17
RS Bopara,SR Watson,3
NV Ojha,SR Watson,2
EJG Morgan,NM Coulter-Nile,9
EJG Morgan,Z Khan,8
MC Henriques,J Yadav,6
EJG Morgan,J Yadav,6
MC Henriques,JP Duminy,14
EJG Morgan,A Mishra,5
KV Sharma,A Mishra,6
MC Henriques,NM Coulter-Nile,7
KV Sharma,JA Morkel,3
MC Henriques,JA Morkel,21
RS Bopara,JA Morkel,11
RS Bopara,Z Khan,2
S Dhawan,BE Hendricks,10
DA Warner,BE Hendricks,14
S Dhawan,Gurkeerat Singh,2
DA Warner,Gurkeerat Singh,19
MC Henriques,Gurkeerat Singh,6
MC Henriques,BE Hendricks,10
EJG Morgan,GJ Maxwell,19
EJG Morgan,BE Hendricks,0
NV Ojha,BE Hendricks,1
KL Rahul,BE Hendricks,1
KV Sharma,BE Hendricks,1
KV Sharma,Anureet Singh,2
KL Rahul,Anureet Singh,9
S Dhawan,D Wiese,4
MC Henriques,D Wiese,1
DA Warner,D Wiese,11
MC Henriques,AB Dinda,14
MC Henriques,HV Patel,27
MC Henriques,MA Starc,3
EJG Morgan,D Wiese,2
EJG Morgan,MA Starc,9
EJG Morgan,MJ McClenaghan,4
EJG Morgan,SL Malinga,0
MC Henriques,R Vinay Kumar,3
EJG Morgan,R Vinay Kumar,6
MC Henriques,J Suchith,1
KL Rahul,HH Pandya,9
KV Sharma,J Suchith,2
KV Sharma,Harbhajan Singh,5
A Ashish Reddy,Harbhajan Singh,11
A Ashish Reddy,SL Malinga,3
A Ashish Reddy,KA Pollard,3
KV Sharma,KA Pollard,2
B Kumar,KA Pollard,0
B Kumar,MJ McClenaghan,0
P Kumar,MJ McClenaghan,1
P Kumar,R Vinay Kumar,0
DW Steyn,KA Pollard,8
P Kumar,KA Pollard,1
S Dhawan,AF Milne,3
S Dhawan,Parvez Rasool,5
MC Henriques,Parvez Rasool,3
DA Warner,Parvez Rasool,25
DJ Hooda,AF Milne,6
MC Henriques,AF Milne,0
EJG Morgan,AF Milne,2
EJG Morgan,YS Chahal,4
A Ashish Reddy,YS Chahal,13
A Ashish Reddy,Parvez Rasool,18
EJG Morgan,Parvez Rasool,3
A Ashish Reddy,SR Watson,3
EJG Morgan,HV Patel,5
KV Sharma,HV Patel,9
KV Sharma,AF Milne,10
MC Henriques,M Morkel,1
EJG Morgan,UT Yadav,5
EJG Morgan,Shakib Al Hasan,13
MC Henriques,Shakib Al Hasan,4
DJ Hooda,Shakib Al Hasan,3
EJG Morgan,AD Russell,3
EJG Morgan,SP Narine,14
NV Ojha,AD Russell,8
NV Ojha,PP Chawla,7
EJG Morgan,M Morkel,10
KV Sharma,AD Russell,2
A Ashish Reddy,AD Russell,4
MC Henriques,TG Southee,1
EJG Morgan,Harbhajan Singh,5
EJG Morgan,HH Pandya,2
DJ Hooda,TG Southee,1
S Dhawan,DW Steyn,1
S Dhawan,KJ Abbott,19
DA Warner,KJ Abbott,10
AP Tare,Sandeep Sharma,0
EJG Morgan,KJ Abbott,5
EJG Morgan,R Dhawan,10
EJG Morgan,AR Patel,3
DJ Hooda,R Dhawan,1
AP Tare,AB Dinda,0
S Dhawan,MR Marsh,6
AP Tare,MR Marsh,6
S Dhawan,NLTC Perera,16
AP Tare,NLTC Perera,2
EJG Morgan,MR Marsh,0
DJ Hooda,MR Marsh,0
DJ Hooda,NLTC Perera,1
DJ Hooda,R Ashwin,0
MC Henriques,R Ashwin,1
MC Henriques,MR Marsh,0
NV Ojha,MR Marsh,2
NV Ojha,M Ashwin,2
S Dhawan,M Ashwin,4
Bipul Sharma,AB Dinda,2
Bipul Sharma,NLTC Perera,3
B Kumar,AB Dinda,11
B Kumar,NLTC Perera,10
KS Williamson,KW Richardson,2
KS Williamson,T Shamsi,9
DA Warner,T Shamsi,15
KS Williamson,Parvez Rasool,10
MC Henriques,T Shamsi,14
NV Ojha,KW Richardson,0
DJ Hooda,T Shamsi,1
KS Williamson,P Kumar,1
S Dhawan,S Kaushik,8
MC Henriques,RA Jadeja,1
MC Henriques,DJ Bravo,0
Yuvraj Singh,DJ Bravo,3
Yuvraj Singh,S Kaushik,2
Yuvraj Singh,PJ Sangwan,1
Yuvraj Singh,DS Kulkarni,0
DJ Hooda,DS Kulkarni,1
DJ Hooda,S Kaushik,8
NV Ojha,P Kumar,7
Yuvraj Singh,TG Southee,10
Yuvraj Singh,KA Pollard,13
S Dhawan,RP Singh,13
DA Warner,RP Singh,7
KS Williamson,RP Singh,2
KS Williamson,AB Dinda,1
S Dhawan,A Zampa,3
KS Williamson,R Bhatia,9
Yuvraj Singh,R Ashwin,2
Yuvraj Singh,R Bhatia,9
KS Williamson,NLTC Perera,7
Yuvraj Singh,NLTC Perera,12
Yuvraj Singh,A Zampa,0
MC Henriques,A Zampa,3
MC Henriques,NLTC Perera,7
NV Ojha,A Zampa,0
DJ Hooda,AB Dinda,8
DJ Hooda,A Zampa,6
B Kumar,A Zampa,1
BB Sran,A Zampa,1
KS Williamson,JP Duminy,1
DJ Hooda,NM Coulter-Nile,6
BB Sran,NM Coulter-Nile,1
A Nehra,NM Coulter-Nile,1
S Dhawan,M Vijay,2
S Dhawan,MP Stoinis,1
DJ Hooda,MP Stoinis,10
DJ Hooda,Sandeep Sharma,2
DJ Hooda,Anureet Singh,8
Yuvraj Singh,MP Stoinis,2
Yuvraj Singh,Sandeep Sharma,9
BCJ Cutting,AR Patel,1
BCJ Cutting,MM Sharma,7
BCJ Cutting,Sandeep Sharma,10
S Dhawan,CR Brathwaite,1
DA Warner,CR Brathwaite,16
DJ Hooda,A Mishra,1
Yuvraj Singh,CR Brathwaite,0
MC Henriques,CR Brathwaite,6
NV Ojha,CR Brathwaite,2
EJG Morgan,CR Brathwaite,1
NV Ojha,Z Khan,11
B Kumar,Z Khan,5
NV Ojha,AS Rajpoot,4
NV Ojha,JO Holder,3
S Dhawan,C Munro,6
NV Ojha,C Munro,2
NV Ojha,Kuldeep Yadav,4
Yuvraj Singh,Shakib Al Hasan,0
KV Sharma,Kuldeep Yadav,0
B Kumar,AS Rajpoot,0
KV Sharma,AS Rajpoot,3
BB Sran,AS Rajpoot,2
DA Warner,JO Holder,5
MC Henriques,JO Holder,8
DJ Hooda,R Sathish,4
Yuvraj Singh,R Sathish,5
Yuvraj Singh,M Morkel,2
DJ Hooda,M Morkel,2
DJ Hooda,JO Holder,7
Yuvraj Singh,JO Holder,8
BCJ Cutting,Kuldeep Yadav,0
Bipul Sharma,JO Holder,1
Bipul Sharma,M Morkel,13
B Kumar,M Morkel,0
MC Henriques,DR Smith,0
Yuvraj Singh,DR Smith,5
DA Warner,DR Smith,17
Yuvraj Singh,SK Raina,2
BCJ Cutting,DJ Bravo,7
BCJ Cutting,S Kaushik,1
NV Ojha,S Kaushik,1
NV Ojha,DR Smith,7
Bipul Sharma,DJ Bravo,7
Bipul Sharma,P Kumar,11
Bipul Sharma,DS Kulkarni,9
DA Warner,S Aravind,14
DA Warner,CH Gayle,9
S Dhawan,CH Gayle,12
MC Henriques,Iqbal Abdulla,2
DA Warner,Iqbal Abdulla,8
DA Warner,CJ Jordan,10
MC Henriques,CJ Jordan,0
Yuvraj Singh,CJ Jordan,11
DJ Hooda,S Aravind,2
NV Ojha,CJ Jordan,7
BCJ Cutting,CJ Jordan,6
Bipul Sharma,CJ Jordan,5
B Kumar,SR Watson,1
